# ************************************************************
# Sequel Pro SQL dump
# Version 4541
#
# http://www.sequelpro.com/
# https://github.com/sequelpro/sequelpro
#
# Host: 127.0.0.1 (MySQL 5.6.41)
# Database: linkun
# Generation Time: 2019-01-03 10:17:21 +0000
# ************************************************************


/*!40101 SET @OLD_CHARACTER_SET_CLIENT=@@CHARACTER_SET_CLIENT */;
/*!40101 SET @OLD_CHARACTER_SET_RESULTS=@@CHARACTER_SET_RESULTS */;
/*!40101 SET @OLD_COLLATION_CONNECTION=@@COLLATION_CONNECTION */;
/*!40101 SET NAMES utf8 */;
/*!40014 SET @OLD_FOREIGN_KEY_CHECKS=@@FOREIGN_KEY_CHECKS, FOREIGN_KEY_CHECKS=0 */;
/*!40101 SET @OLD_SQL_MODE=@@SQL_MODE, SQL_MODE='NO_AUTO_VALUE_ON_ZERO' */;
/*!40111 SET @OLD_SQL_NOTES=@@SQL_NOTES, SQL_NOTES=0 */;


# Dump of table log_goods_in
# ------------------------------------------------------------

DROP TABLE IF EXISTS `log_goods_in`;

CREATE TABLE `log_goods_in` (
  `id` int(11) NOT NULL AUTO_INCREMENT,
  `merchant_id` int(11) DEFAULT NULL COMMENT '商户ID',
  `goods_cate` varchar(255) COLLATE utf8mb4_unicode_ci DEFAULT NULL,
  `goods_id` int(11) DEFAULT NULL COMMENT '商品ID',
  `num` float(11,1) DEFAULT NULL COMMENT '数量',
  `unit` varchar(255) COLLATE utf8mb4_unicode_ci DEFAULT NULL COMMENT '单位',
  `source` varchar(255) COLLATE utf8mb4_unicode_ci DEFAULT NULL COMMENT '来源',
  `batch` varchar(255) COLLATE utf8mb4_unicode_ci DEFAULT NULL COMMENT '批次',
  `supplier_id` int(11) DEFAULT NULL COMMENT '供应商ID',
  `phone` varchar(255) COLLATE utf8mb4_unicode_ci DEFAULT NULL COMMENT '联系电话',
  `date` date DEFAULT NULL COMMENT '进货日期',
  `market_id` int(11) DEFAULT NULL COMMENT '农贸市场ID',
  `order_num` varchar(255) COLLATE utf8mb4_unicode_ci DEFAULT NULL COMMENT '凭据编号',
  `merchant_name` varchar(20) COLLATE utf8mb4_unicode_ci DEFAULT NULL COMMENT '商户名称',
  `goods_name` varchar(20) COLLATE utf8mb4_unicode_ci DEFAULT NULL COMMENT '商品名称',
  `supplier_name` varchar(50) COLLATE utf8mb4_unicode_ci DEFAULT NULL COMMENT '供应商名称',
  `business_img` varchar(255) COLLATE utf8mb4_unicode_ci DEFAULT NULL COMMENT '经营许可证',
  `inspection_img` varchar(255) COLLATE utf8mb4_unicode_ci DEFAULT NULL COMMENT '检疫合格证',
  `invoice_img` varchar(255) COLLATE utf8mb4_unicode_ci DEFAULT NULL COMMENT '销售发票',
  `receipt_img` varchar(255) COLLATE utf8mb4_unicode_ci DEFAULT NULL COMMENT '销售进货单',
  `created_at` timestamp NULL DEFAULT CURRENT_TIMESTAMP,
  `updated_at` timestamp NULL DEFAULT NULL ON UPDATE CURRENT_TIMESTAMP,
  PRIMARY KEY (`id`),
  KEY `idx_market_date` (`market_id`,`date`)
) ENGINE=InnoDB DEFAULT CHARSET=utf8mb4 COLLATE=utf8mb4_unicode_ci COMMENT='市场商品进货表';



# Dump of table log_jxinspect
# ------------------------------------------------------------

DROP TABLE IF EXISTS `log_jxinspect`;

CREATE TABLE `log_jxinspect` (
  `id` int(11) NOT NULL AUTO_INCREMENT,
  `userid` int(11) DEFAULT NULL COMMENT '登录帐号ID',
  `content` text COLLATE utf8mb4_unicode_ci COMMENT '内容',
  `img` varchar(255) COLLATE utf8mb4_unicode_ci DEFAULT NULL COMMENT '图片地址',
  `video` varchar(255) COLLATE utf8mb4_unicode_ci DEFAULT NULL COMMENT '视频地址',
  `pos_id` int(11) DEFAULT NULL COMMENT '位置ID',
  `pos_type` int(11) DEFAULT NULL COMMENT '1经营户2公共区保洁3消防设备',
  `proj_id` int(11) DEFAULT NULL COMMENT '巡查项目id',
  `market_id` int(11) DEFAULT NULL COMMENT '农贸市场ID',
  `create_time` datetime DEFAULT NULL COMMENT '上传时间',
  `ishand` int(11) DEFAULT NULL COMMENT '是否上级处理 1 是 2 不是',
  `date_end` date DEFAULT NULL COMMENT '截至整改日期',
  `userid2` int(11) DEFAULT NULL,
  `content2` text COLLATE utf8mb4_unicode_ci COMMENT '处理后内容',
  `img2` varchar(255) COLLATE utf8mb4_unicode_ci DEFAULT NULL COMMENT '处理后图片',
  `video2` varchar(255) COLLATE utf8mb4_unicode_ci DEFAULT NULL COMMENT '处理后视频',
  `upd_time` datetime DEFAULT NULL COMMENT '更新时间',
  `step` int(11) DEFAULT '0' COMMENT '状态0未处理1已处理',
  `signid` int(11) DEFAULT NULL,
  `s_img` varchar(255) COLLATE utf8mb4_unicode_ci DEFAULT NULL,
  `s_img2` varchar(255) COLLATE utf8mb4_unicode_ci DEFAULT NULL,
  `created_at` timestamp NULL DEFAULT CURRENT_TIMESTAMP,
  `updated_at` timestamp NULL DEFAULT NULL ON UPDATE CURRENT_TIMESTAMP,
  PRIMARY KEY (`id`)
) ENGINE=InnoDB DEFAULT CHARSET=utf8mb4 COLLATE=utf8mb4_unicode_ci COMMENT='巡查内容';



# Dump of table log_pro_test
# ------------------------------------------------------------

DROP TABLE IF EXISTS `log_pro_test`;

CREATE TABLE `log_pro_test` (
  `id` int(11) NOT NULL AUTO_INCREMENT,
  `entity_name` varchar(20) COLLATE utf8mb4_unicode_ci DEFAULT NULL COMMENT '商户名称',
  `prod_type` varchar(20) COLLATE utf8mb4_unicode_ci DEFAULT NULL COMMENT '商品类型',
  `prod_name` varchar(20) COLLATE utf8mb4_unicode_ci DEFAULT NULL COMMENT '商品名称',
  `item_name` varchar(20) COLLATE utf8mb4_unicode_ci DEFAULT NULL COMMENT '检测项目',
  `test_date` date DEFAULT NULL COMMENT '检测日期',
  `test_count` decimal(10,3) DEFAULT NULL COMMENT '数量kg',
  `handle` varchar(20) COLLATE utf8mb4_unicode_ci DEFAULT NULL COMMENT '处理情况',
  `result` varchar(20) COLLATE utf8mb4_unicode_ci DEFAULT NULL COMMENT '检测结果(检出、未检出)',
  `market_id` int(11) DEFAULT '1',
  `market_code` varchar(20) COLLATE utf8mb4_unicode_ci DEFAULT '330802A001',
  `market_name` varchar(50) COLLATE utf8mb4_unicode_ci DEFAULT '斗潭农贸市场',
  `file_url` varchar(255) COLLATE utf8mb4_unicode_ci DEFAULT NULL,
  `created_at` timestamp NULL DEFAULT CURRENT_TIMESTAMP,
  `updated_at` timestamp NULL DEFAULT NULL ON UPDATE CURRENT_TIMESTAMP,
  `test_data` varchar(20) COLLATE utf8mb4_unicode_ci DEFAULT '0.0' COMMENT '检测数据',
  `stall_number` varchar(20) COLLATE utf8mb4_unicode_ci DEFAULT NULL COMMENT '摊位号',
  `destroy_status` tinyint(2) DEFAULT '0' COMMENT '销毁状态0为未处理1为已处理',
  PRIMARY KEY (`id`),
  KEY `market_id` (`market_id`),
  KEY `test_date` (`test_date`),
  KEY `result` (`result`)
) ENGINE=InnoDB DEFAULT CHARSET=utf8mb4 COLLATE=utf8mb4_unicode_ci COMMENT='农残检测数据表';



# Dump of table log_scale_state
# ------------------------------------------------------------

DROP TABLE IF EXISTS `log_scale_state`;

CREATE TABLE `log_scale_state` (
  `id` int(11) NOT NULL AUTO_INCREMENT,
  `market_id` int(11) NOT NULL COMMENT '市场id',
  `merchant_id` int(11) NOT NULL COMMENT '商户id',
  `stall_id` int(11) NOT NULL COMMENT '摊位id',
  `version` varchar(255) COLLATE utf8mb4_unicode_ci NOT NULL COMMENT '软件版本号',
  `online` int(11) NOT NULL COMMENT '0离线1在线',
  `ping_code` varchar(255) COLLATE utf8mb4_unicode_ci NOT NULL COMMENT '蓝牙密码',
  `created_at` timestamp NULL DEFAULT CURRENT_TIMESTAMP,
  `updated_at` timestamp NULL DEFAULT NULL ON UPDATE CURRENT_TIMESTAMP,
  PRIMARY KEY (`id`),
  KEY `idx_market_id` (`market_id`)
) ENGINE=InnoDB DEFAULT CHARSET=utf8mb4 COLLATE=utf8mb4_unicode_ci COMMENT='称具状况';



# Dump of table log_trade
# ------------------------------------------------------------

DROP TABLE IF EXISTS `log_trade`;

CREATE TABLE `log_trade` (
  `id` int(11) unsigned NOT NULL AUTO_INCREMENT,
  `trade_no` varchar(100) COLLATE utf8mb4_unicode_ci DEFAULT NULL COMMENT '交易号',
  `market_id` int(11) unsigned DEFAULT NULL COMMENT '市场id',
  `market_name` varchar(50) COLLATE utf8mb4_unicode_ci DEFAULT NULL COMMENT '市场名称',
  `bill_dt` timestamp NULL DEFAULT NULL COMMENT '交易时间',
  `stall_no` varchar(20) COLLATE utf8mb4_unicode_ci DEFAULT NULL COMMENT '摊位号',
  `entity_name` varchar(20) COLLATE utf8mb4_unicode_ci DEFAULT NULL COMMENT '商户名称',
  `entity_no` varchar(20) COLLATE utf8mb4_unicode_ci DEFAULT NULL COMMENT '商户编号',
  `obj_bank_no` varchar(10) COLLATE utf8mb4_unicode_ci DEFAULT NULL COMMENT '交易方式',
  `goods_name` varchar(20) COLLATE utf8mb4_unicode_ci DEFAULT NULL COMMENT '商品名称',
  `prod_count` decimal(11,3) unsigned DEFAULT NULL COMMENT '数量',
  `unit` varchar(10) COLLATE utf8mb4_unicode_ci DEFAULT NULL COMMENT '单位',
  `price` decimal(11,2) unsigned DEFAULT NULL COMMENT '单价',
  `amount` decimal(11,2) DEFAULT NULL,
  `flag` tinyint(1) unsigned NOT NULL DEFAULT '0' COMMENT '1、支付上传；0、称重上传',
  `trade_batch` varchar(255) COLLATE utf8mb4_unicode_ci DEFAULT NULL COMMENT '交易批次',
  `created_at` timestamp NULL DEFAULT CURRENT_TIMESTAMP,
  `updated_at` timestamp NULL DEFAULT NULL ON UPDATE CURRENT_TIMESTAMP,
  PRIMARY KEY (`id`),
  KEY `idx_dt_market` (`bill_dt`,`market_id`)
) ENGINE=InnoDB DEFAULT CHARSET=utf8mb4 COLLATE=utf8mb4_unicode_ci COMMENT='交易表';



# Dump of table p_article
# ------------------------------------------------------------

DROP TABLE IF EXISTS `p_article`;

CREATE TABLE `p_article` (
  `id` int(10) unsigned NOT NULL AUTO_INCREMENT,
  `content` mediumtext COLLATE utf8mb4_unicode_ci NOT NULL COMMENT '内容',
  `created_at` timestamp NULL DEFAULT CURRENT_TIMESTAMP,
  `updated_at` timestamp NULL DEFAULT NULL ON UPDATE CURRENT_TIMESTAMP,
  PRIMARY KEY (`id`)
) ENGINE=InnoDB DEFAULT CHARSET=utf8mb4 COLLATE=utf8mb4_unicode_ci COMMENT='文章';

LOCK TABLES `p_article` WRITE;
/*!40000 ALTER TABLE `p_article` DISABLE KEYS */;

INSERT INTO `p_article` (`id`, `content`, `created_at`, `updated_at`)
VALUES
	(1,'<p>vgbfdddd<br/></p>','2018-12-28 14:17:11','2019-01-02 13:41:52'),
	(2,'<p>vgbfdddd<br/></p>','2018-12-28 14:17:25','2019-01-02 13:41:52'),
	(3,'<p>vgbfdddd<br/></p>','2018-12-28 14:19:01','2019-01-02 13:41:52'),
	(4,'<p>vgbfdddd<br/></p>','2018-12-28 14:19:15','2019-01-02 13:41:52'),
	(5,'<p>vgbfdddd<br/></p>','2018-12-28 14:19:16','2019-01-02 13:41:52'),
	(6,'<p>vgbfdddd<br/></p>','2018-12-28 14:19:17','2019-01-02 13:41:52'),
	(7,'<p>vgbfdddd<br/></p>','2018-12-28 14:19:17','2019-01-02 13:41:52'),
	(8,'<p>vgbfdddd<br/></p>','2018-12-28 14:19:18','2019-01-02 13:41:52'),
	(9,'<p>vgbfdddd<br/></p>','2018-12-28 14:19:18','2019-01-02 13:41:52'),
	(10,'<p>vgbfdddd<br/></p>','2018-12-28 14:19:19','2019-01-02 13:41:52'),
	(11,'<p>vgbfdddd<br/></p>','2018-12-28 14:19:19','2019-01-02 13:41:52'),
	(12,'<p>vgbfdddd<br/></p>','2018-12-28 14:19:20','2019-01-02 13:41:52'),
	(13,'<p>vgbfdddd<br/></p>','2018-12-28 14:19:21','2019-01-02 13:41:52'),
	(14,'<p>vgbfdddd<br/></p>','2018-12-28 14:19:21','2019-01-02 13:41:52'),
	(15,'<p>vgbfdddd<br/></p>','2018-12-28 14:19:22','2019-01-02 13:41:52'),
	(16,'<p>vgbfdddd<br/></p>','2018-12-28 14:19:39','2019-01-02 13:41:52'),
	(17,'<p>vgbfdddd<br/></p>','2018-12-28 14:22:30','2019-01-02 13:41:52'),
	(18,'<p>vgbfdddd<br/></p>','2018-12-28 14:44:45','2019-01-02 13:41:52'),
	(19,'<p>vgbfdddd<br/></p>','2018-12-28 14:44:55','2019-01-02 13:41:52'),
	(20,'<p>vgbfdddd<br/></p>','2018-12-28 14:45:29','2019-01-02 13:41:52'),
	(21,'<p>vgbfdddd<br/></p>','2018-12-28 14:45:38','2019-01-02 13:41:52'),
	(22,'<p>vgbfdddd<br/></p>','2018-12-28 14:46:39','2019-01-02 13:41:52'),
	(23,'<p>vgbfdddd<br/></p>','2018-12-28 14:46:48','2019-01-02 13:41:52'),
	(24,'<p>vgbfdddd<br/></p>','2018-12-28 14:48:15','2019-01-02 13:41:52'),
	(25,'<p>vgbfdddd<br/></p>','2018-12-28 14:48:43','2019-01-02 13:41:52'),
	(26,'<p>vgbfdddd<br/></p>','2018-12-28 14:48:45','2019-01-02 13:41:52'),
	(27,'<p>vgbfdddd<br/></p>','2018-12-28 14:48:45','2019-01-02 13:41:52'),
	(28,'<p>vgbfdddd<br/></p>','2018-12-28 14:48:46','2019-01-02 13:41:52'),
	(29,'<p>vgbfdddd<br/></p>','2018-12-28 14:48:46','2019-01-02 13:41:52'),
	(30,'<p>vgbfdddd<br/></p>','2018-12-28 14:48:47','2019-01-02 13:41:52'),
	(31,'<p>vgbfdddd<br/></p>','2018-12-28 14:48:47','2019-01-02 13:41:52'),
	(32,'<p>vgbfdddd<br/></p>','2018-12-28 14:48:48','2019-01-02 13:41:52'),
	(33,'<p>vgbfdddd<br/></p>','2018-12-28 14:48:48','2019-01-02 13:41:52'),
	(34,'<p>vgbfdddd<br/></p>','2018-12-28 14:48:49','2019-01-02 13:41:52'),
	(35,'<p>vgbfdddd<br/></p>','2018-12-28 14:48:49','2019-01-02 13:41:52'),
	(36,'<p>vgbfdddd<br/></p>','2018-12-28 14:48:50','2019-01-02 13:41:52'),
	(37,'<p>vgbfdddd<br/></p>','2018-12-28 14:48:50','2019-01-02 13:41:52'),
	(38,'<p>vgbfdddd<br/></p>','2018-12-28 14:48:51','2019-01-02 13:41:52'),
	(39,'<p>vgbfdddd<br/></p>','2018-12-28 14:48:51','2019-01-02 13:41:52'),
	(40,'<p>vgbfdddd<br/></p>','2018-12-28 14:48:52','2019-01-02 13:41:52'),
	(41,'<p>vgbfdddd<br/></p>','2018-12-28 14:48:52','2019-01-02 13:41:52'),
	(42,'<p>vgbfdddd<br/></p>','2018-12-28 14:48:53','2019-01-02 13:41:52'),
	(43,'<p>vgbfdddd<br/></p>','2018-12-28 14:48:53','2019-01-02 13:41:52'),
	(44,'<p>vgbfdddd<br/></p>','2018-12-28 14:48:54','2019-01-02 13:41:52'),
	(45,'<p>vgbfdddd<br/></p>','2018-12-28 14:48:54','2019-01-02 13:41:52'),
	(46,'<p>vgbfdddd<br/></p>','2018-12-28 14:48:55','2019-01-02 13:41:52'),
	(47,'<p>vgbfdddd<br/></p>','2018-12-28 14:48:59','2019-01-02 13:41:52'),
	(48,'<p>vgbfdddd<br/></p>','2019-01-02 11:44:40','2019-01-02 13:41:52'),
	(49,'<p>vgbfdddd<br/></p>','2019-01-02 11:56:07','2019-01-02 13:41:52'),
	(50,'<p>vgbfdddd<br/></p>','2019-01-02 13:31:51','2019-01-02 13:41:52'),
	(51,'<p>vgbfdddd<br/></p>','2019-01-02 13:31:51','2019-01-02 13:41:52'),
	(52,'<p>vgbfdddd<br/></p>','2019-01-02 13:31:51','2019-01-02 13:41:52'),
	(53,'<p>vgbfdddd<br/></p>','2019-01-02 13:31:51','2019-01-02 13:41:52'),
	(54,'<p>vgbfdddd<br/></p>','2019-01-02 13:33:31','2019-01-02 13:41:52');

/*!40000 ALTER TABLE `p_article` ENABLE KEYS */;
UNLOCK TABLES;


# Dump of table p_field
# ------------------------------------------------------------

DROP TABLE IF EXISTS `p_field`;

CREATE TABLE `p_field` (
  `id` int(10) unsigned NOT NULL AUTO_INCREMENT,
  `display_value` varchar(20) COLLATE utf8mb4_unicode_ci NOT NULL DEFAULT '' COMMENT '字段值',
  `display_name` varchar(50) COLLATE utf8mb4_unicode_ci NOT NULL DEFAULT '' COMMENT '字段名',
  `type_id` int(10) unsigned NOT NULL DEFAULT '0' COMMENT '字段类别id',
  `is_article` tinyint(1) NOT NULL DEFAULT '0' COMMENT '是否是文章:0 不是，1 是',
  `created_at` timestamp NULL DEFAULT CURRENT_TIMESTAMP,
  `updated_at` timestamp NULL DEFAULT NULL ON UPDATE CURRENT_TIMESTAMP,
  `position` tinyint(4) DEFAULT '0' COMMENT '字段显示位置',
  `show_list` tinyint(1) NOT NULL DEFAULT '1' COMMENT '是否在列表显示',
  `type` tinyint(1) NOT NULL DEFAULT '0' COMMENT '字段类型 1:系统字段类型，0:无类型',
  PRIMARY KEY (`id`),
  KEY `idx_type_id` (`type_id`)
) ENGINE=InnoDB DEFAULT CHARSET=utf8mb4 COLLATE=utf8mb4_unicode_ci COMMENT='字段';

LOCK TABLES `p_field` WRITE;
/*!40000 ALTER TABLE `p_field` DISABLE KEYS */;

INSERT INTO `p_field` (`id`, `display_value`, `display_name`, `type_id`, `is_article`, `created_at`, `updated_at`, `position`, `show_list`, `type`)
VALUES
	(1,'制度名称','',2,0,'2018-12-27 17:36:44','2018-12-27 17:38:05',0,1,0),
	(2,'发布单位','',2,0,'2018-12-27 17:36:52','2018-12-27 17:38:08',0,1,0),
	(3,'发布时间','',2,0,'2018-12-27 17:37:01','2018-12-27 17:38:11',0,1,0),
	(6,'详情','',2,1,'2018-12-28 13:45:20','2018-12-28 14:11:07',0,1,0),
	(7,'职位名称','',1,0,'2018-12-29 10:19:25',NULL,0,1,0),
	(8,'姓名','',3,0,'2018-12-29 11:27:53',NULL,0,1,0),
	(9,'性别','',3,0,'2018-12-29 11:28:12','2019-01-03 18:13:27',0,1,1),
	(10,'联系方式','',3,0,'2018-12-29 11:28:27',NULL,0,1,0),
	(11,'职务','',3,0,'2018-12-29 11:28:39',NULL,0,1,0),
	(12,'政治面貌','',3,0,'2018-12-29 11:28:51',NULL,0,1,0),
	(13,'民族','',3,0,'2018-12-29 11:29:48',NULL,0,1,0),
	(14,'身份证号','',3,0,'2018-12-29 11:30:19',NULL,0,1,0),
	(15,'家庭住址','',3,0,'2018-12-29 11:30:48',NULL,0,1,0),
	(16,'入职时间','',3,0,'2018-12-29 11:31:01',NULL,0,1,0),
	(17,'身份证图片','',3,0,'2018-12-29 11:31:15',NULL,0,1,0),
	(18,'其它证件图片','',3,0,'2018-12-29 11:31:27',NULL,0,1,0),
	(19,'职务','',4,0,'2018-12-29 11:35:15',NULL,0,1,0),
	(20,'方案名称','',5,0,'2018-12-29 11:36:18',NULL,0,1,0),
	(21,'发布单位','',5,0,'2018-12-29 11:36:32',NULL,0,1,0),
	(22,'发布时间','',5,0,'2018-12-29 11:36:45',NULL,0,1,0),
	(23,'详情','',5,1,'2018-12-29 11:37:00',NULL,0,1,0),
	(24,'活动名称','',6,0,'2018-12-29 11:37:31',NULL,0,1,0),
	(25,'活动期限','',6,0,'2018-12-29 11:37:48',NULL,0,1,0),
	(26,'详情','',6,1,'2018-12-29 11:38:00','2019-01-02 13:35:35',1,1,0),
	(27,'发布单位','',7,0,'2018-12-29 11:38:29',NULL,0,1,0),
	(28,'预警时间','',7,0,'2018-12-29 11:38:37',NULL,0,1,0),
	(29,'预警类型','',7,0,'2018-12-29 11:38:49',NULL,0,1,0),
	(30,'供货商','',7,0,'2018-12-29 11:39:02',NULL,0,1,0),
	(31,'商品名称','',7,0,'2018-12-29 11:39:14',NULL,0,1,0),
	(32,'进货日期','',7,0,'2018-12-29 11:39:27',NULL,0,1,0),
	(33,'详情','',7,0,'2018-12-29 11:40:16',NULL,0,1,0),
	(34,'商户名称','',8,0,'2018-12-29 11:40:16',NULL,0,1,0),
	(35,'摊位号','',8,0,'2018-12-29 11:40:16',NULL,0,1,0),
	(36,'秤具编号','',8,0,'2018-12-29 11:40:16',NULL,0,1,0),
	(37,'是否在线','',8,0,'2018-12-29 11:40:16',NULL,0,1,0),
	(38,'是否打票','',8,0,'2018-12-29 11:40:16',NULL,0,1,0),
	(39,'版本号','',8,0,'2018-12-29 11:40:16',NULL,0,1,0),
	(40,'日期','',8,0,'2018-12-29 11:40:16',NULL,0,1,0),
	(41,'位置名称','',27,0,'2018-12-29 11:40:16',NULL,0,1,0),
	(42,'位置类别','',27,0,'2018-12-29 11:40:16',NULL,0,1,0),
	(44,'排序','',28,0,'2018-12-29 11:40:16',NULL,0,1,0),
	(46,'类别名称','',28,0,'2018-12-29 11:40:16',NULL,0,1,0),
	(47,'创建时间','',28,0,'2018-12-29 11:40:16',NULL,0,1,0),
	(48,'位置名称','',29,0,'2018-12-29 11:40:16',NULL,0,1,0),
	(49,'类别','',29,0,'2018-12-29 11:40:16',NULL,0,1,0),
	(50,'摊位号','',29,0,'2018-12-29 11:40:16',NULL,0,1,0),
	(51,'每日需巡查次数','',29,0,'2018-12-29 11:40:16',NULL,0,1,0),
	(52,'分数','',29,0,'2018-12-29 11:40:16',NULL,0,1,0),
	(53,'账号','',30,0,'2018-12-29 11:40:16',NULL,0,1,0),
	(54,'巡查人','',30,0,'2018-12-29 11:40:16',NULL,0,1,0),
	(55,'密码','',30,0,'2018-12-29 11:40:16',NULL,0,1,0),
	(56,'详情','',30,0,'2018-12-29 11:40:16',NULL,0,1,0),
	(57,'巡查项目','',31,0,'2018-12-29 11:40:16',NULL,0,1,0),
	(58,'农贸市场','',32,0,'2018-12-29 11:40:16',NULL,0,1,0),
	(59,'巡检人员','',32,0,'2018-12-29 11:40:16',NULL,0,1,0),
	(60,'巡检日期','',32,0,'2018-12-29 11:40:16',NULL,0,1,0),
	(61,'巡检位置','',32,0,'2018-12-29 11:40:16',NULL,0,1,0),
	(62,'巡检内容','',32,0,'2018-12-29 11:40:16',NULL,0,1,0),
	(63,'状态','',32,0,'2018-12-29 11:40:16',NULL,0,1,0),
	(64,'农贸市场','',33,0,'2018-12-29 13:35:04',NULL,0,1,0),
	(65,'巡查人员','',33,0,'2018-12-29 13:35:04',NULL,0,1,0),
	(66,'巡查开始时间','',33,0,'2018-12-29 13:35:04',NULL,0,1,0),
	(67,'巡查结束时间','',33,0,'2018-12-29 13:35:04',NULL,0,1,0),
	(68,'巡检人员帐号','',34,0,'2018-12-29 13:35:04',NULL,0,1,0),
	(69,'巡检人员姓名','',34,0,'2018-12-29 13:35:04',NULL,0,1,0),
	(70,'应得绩效分数','',34,0,'2018-12-29 13:35:04',NULL,0,1,0),
	(71,'实得绩效分数','',34,0,'2018-12-29 13:35:04',NULL,0,1,0),
	(72,'摊位位置','',35,0,'2018-12-29 13:35:04',NULL,0,1,0),
	(73,'不规范次数','',35,0,'2018-12-29 13:35:04',NULL,0,1,0),
	(74,'已整改次数','',35,0,'2018-12-29 13:35:04',NULL,0,1,0),
	(75,'未整改次数','',35,0,'2018-12-29 13:35:04',NULL,0,1,0),
	(76,'超期未整改次数','',35,0,'2018-12-29 13:35:04',NULL,0,1,0),
	(77,'摊位编号','',38,0,'2018-12-29 13:35:04',NULL,0,1,0),
	(79,'摊位面积','',38,0,'2018-12-29 13:35:04',NULL,0,1,0),
	(80,'摊位租金','',38,0,'2018-12-29 13:35:04',NULL,0,1,0),
	(81,'摊位类型','',38,0,'2018-12-29 13:35:04',NULL,0,1,0),
	(82,'租赁情况','',38,0,'2018-12-29 13:35:04',NULL,0,1,0),
	(83,'摊位类型','',37,0,'2018-12-29 13:35:04',NULL,0,1,0),
	(84,'类型编码','',37,0,'2018-12-29 13:35:04',NULL,0,1,0),
	(85,'商户姓名','',39,0,'2018-12-29 13:35:04',NULL,0,1,0),
	(86,'联系方式','',39,0,'2018-12-29 13:35:04',NULL,0,1,0),
	(87,'摊位编号','',39,0,'2018-12-29 13:35:04',NULL,0,1,0),
	(88,'摊位类型','',39,0,'2018-12-29 13:35:04',NULL,0,1,0),
	(89,'秤具编号','',39,0,'2018-12-29 13:35:04','2018-12-29 13:47:03',0,1,0),
	(90,'经营范围','',39,0,'2018-12-29 13:35:04','2018-12-29 13:47:03',0,1,0),
	(91,'二维码','',39,0,'2018-12-29 13:35:04','2018-12-29 13:47:03',0,1,0),
	(92,'商户名称','',40,0,'2018-12-29 13:35:04','2018-12-29 13:47:03',0,1,0),
	(93,'摊位号','',40,0,'2018-12-29 13:35:04','2018-12-29 13:47:03',0,1,0),
	(94,'合同起止日期','',40,0,'2018-12-29 13:35:04','2018-12-29 13:47:03',0,1,0),
	(95,'租金','',40,0,'2018-12-29 13:35:04','2018-12-29 13:47:03',0,1,0),
	(96,'到期情况','',40,0,'2018-12-29 13:35:04','2018-12-29 13:47:03',0,1,0),
	(97,'物业起止日期','',40,0,'2018-12-29 13:35:04','2018-12-29 13:47:03',0,1,0),
	(98,'物业费','',40,0,'2018-12-29 13:35:04','2018-12-29 13:47:03',0,1,0),
	(99,'到期情况','',40,0,'2018-12-29 13:35:04','2018-12-29 13:47:03',0,1,0),
	(100,'商户姓名','',42,0,'2018-12-29 13:35:04','2018-12-29 13:47:03',0,1,0),
	(101,'商户性别','',42,0,'2018-12-29 13:35:04','2018-12-29 13:47:03',0,1,0),
	(102,'联系方式','',42,0,'2018-12-29 13:35:04','2018-12-29 13:47:03',0,1,0),
	(103,'身份证号','',42,0,'2018-12-29 13:35:04','2018-12-29 13:47:03',0,1,0),
	(104,'摊位位置','',42,0,'2018-12-29 13:35:04','2018-12-29 13:47:03',0,1,0),
	(105,'摊位类型','',42,0,'2018-12-29 13:35:04','2018-12-29 13:47:03',0,1,0),
	(106,'开始时间','',42,0,'2018-12-29 13:35:04','2018-12-29 13:47:03',0,1,0),
	(107,'结束时间','',42,0,'2018-12-29 13:35:04','2018-12-29 13:47:03',0,1,0),
	(108,'摊位号','',41,0,'2018-12-29 13:35:04','2018-12-29 13:47:03',0,1,0),
	(109,'商户名称','',41,0,'2018-12-29 13:35:04','2018-12-29 13:47:03',0,1,0),
	(118,'投诉时间','',45,0,'2018-12-29 13:35:04','2018-12-29 13:47:03',0,1,0),
	(119,'来源','',45,0,'2018-12-29 13:35:04','2018-12-29 13:47:03',0,1,0),
	(120,'商户姓名','',45,0,'2018-12-29 13:35:04','2018-12-29 13:47:03',0,1,0),
	(121,'摊位号','',45,0,'2018-12-29 13:35:04','2018-12-29 13:47:03',0,1,0),
	(122,'处理情况','',45,0,'2018-12-29 13:35:04','2018-12-29 13:47:03',0,1,0),
	(123,'点赞时间','',46,0,'2018-12-29 13:35:04','2018-12-29 13:47:03',0,1,0),
	(124,'商户姓名','',46,0,'2018-12-29 13:35:04','2018-12-29 13:47:03',0,1,0),
	(125,'摊位号','',46,0,'2018-12-29 13:35:04','2018-12-29 13:47:03',0,1,0),
	(126,'点评时间','',47,0,'2018-12-29 13:35:04','2018-12-29 13:47:03',0,1,0),
	(127,'商户姓名','',47,0,'2018-12-29 13:35:04','2018-12-29 15:07:47',0,1,0),
	(128,'摊位号','',47,0,'2018-12-29 13:35:04','2018-12-29 15:07:47',0,1,0),
	(129,'内容','',47,0,'2018-12-29 13:35:04','2018-12-29 15:07:47',0,1,0),
	(130,'星级','',47,0,'2018-12-29 13:35:04','2018-12-29 15:07:47',0,1,0),
	(131,'商户姓名','',49,0,'2018-12-29 13:35:04','2018-12-29 15:07:47',0,1,0),
	(132,'点赞数量','',49,0,'2018-12-29 13:35:04','2018-12-29 15:07:47',0,1,0),
	(133,'商户姓名','',50,0,'2018-12-29 13:35:04','2018-12-29 15:11:35',0,1,0),
	(134,'点评数量','',50,0,'2018-12-29 13:35:04','2018-12-29 15:11:35',0,1,0),
	(135,'点评总分数','',50,0,'2018-12-29 13:35:04','2018-12-29 15:11:35',0,1,0),
	(136,'商户姓名','',51,0,'2018-12-29 13:35:04','2018-12-29 15:11:35',0,1,0),
	(137,'投诉次数','',51,0,'2018-12-29 13:35:04','2018-12-29 15:11:35',0,1,0),
	(138,'审核通过投诉次数','',51,0,'2018-12-29 13:35:04','2018-12-29 15:11:35',0,1,0),
	(139,'商户姓名','',52,0,'2018-12-29 13:35:04','2018-12-29 15:11:35',0,1,0),
	(140,'星级','',52,0,'2018-12-29 13:35:04','2018-12-29 15:11:35',0,1,0),
	(141,'当前分数','',52,0,'2018-12-29 13:35:04','2018-12-29 15:11:35',0,1,0),
	(142,'点赞数量','',52,0,'2018-12-29 13:35:04','2018-12-29 15:11:35',0,1,0),
	(143,'评价数量','',52,0,'2018-12-29 13:35:04','2018-12-29 15:11:35',0,1,0),
	(144,'评价分数','',52,0,'2018-12-29 13:35:04','2018-12-29 15:11:35',0,1,0),
	(145,'投诉次数','',52,0,'2018-12-29 13:35:04','2018-12-29 15:11:35',0,1,0),
	(146,'审核通过投诉次数','',52,0,'2018-12-29 13:35:04','2018-12-29 15:11:35',0,1,0),
	(147,'投诉总扣分','',52,0,'2018-12-29 13:35:04','2018-12-29 15:11:35',0,1,0),
	(148,'商户','',53,0,'2018-12-29 13:35:04','2018-12-29 15:11:35',0,1,0),
	(149,'摊位号','',53,0,'2018-12-29 13:35:04','2018-12-29 15:11:35',0,1,0),
	(150,'租金','',53,0,'2018-12-29 13:35:04','2018-12-29 15:11:35',0,1,0),
	(151,'开始日期','',53,0,'2018-12-29 13:35:04','2018-12-29 15:11:35',0,1,0),
	(152,'到期日期','',53,0,'2018-12-29 13:35:04','2018-12-29 15:11:35',0,1,0),
	(153,'状态','',53,0,'2018-12-29 13:35:04','2018-12-29 15:11:35',0,1,0),
	(154,'商户','',54,0,'2018-12-29 13:35:04','2018-12-29 15:11:35',0,1,0),
	(155,'摊位号','',54,0,'2018-12-29 13:35:04','2018-12-29 15:11:35',0,1,0),
	(156,'日期','',54,0,'2018-12-29 13:35:04','2018-12-29 15:18:59',0,1,0),
	(157,'用水量(吨)','',54,0,'2018-12-29 13:35:04','2018-12-29 15:21:05',0,1,0),
	(158,'水费','',54,0,'2018-12-29 13:35:04','2018-12-29 15:21:11',0,1,0),
	(159,'事项','',55,0,'2018-12-29 13:35:04','2018-12-29 15:19:07',0,1,0),
	(160,'日期','',55,0,'2018-12-29 13:35:04','2018-12-29 15:19:07',0,1,0),
	(161,'金额','',55,0,'2018-12-29 13:35:04','2018-12-29 15:19:07',0,1,0),
	(162,'简要情况','',55,0,'2018-12-29 13:35:04','2018-12-29 15:19:07',0,1,0),
	(163,'商户','',56,0,'2018-12-29 13:35:04','2018-12-29 15:19:07',0,1,0),
	(164,'摊位号','',56,0,'2018-12-29 13:35:04','2018-12-29 15:19:07',0,1,0),
	(165,'日期','',56,0,'2018-12-29 13:35:04','2018-12-29 15:19:07',0,1,0),
	(166,'用电量(吨)','',56,0,'2018-12-29 13:35:04','2018-12-29 15:19:07',0,1,0),
	(167,'电费','',56,0,'2018-12-29 13:35:04','2018-12-29 15:19:07',0,1,0),
	(168,'ID','',57,0,'2018-12-29 13:35:04','2018-12-29 15:19:07',0,1,0),
	(169,'栏目名称','',57,0,'2018-12-29 13:35:04','2018-12-29 15:19:07',0,1,0),
	(170,'类别','',58,0,'2018-12-29 13:35:04','2018-12-29 15:19:07',0,1,0),
	(171,'标题','',58,0,'2018-12-29 13:35:04','2018-12-29 15:19:07',0,1,0),
	(172,'市场','',58,0,'2018-12-29 13:35:04','2018-12-29 15:19:07',0,1,0),
	(173,'农贸市场','',59,0,'2018-12-29 13:35:04','2018-12-29 15:19:07',0,1,0),
	(174,'广告类型','',59,0,'2018-12-29 13:35:04','2018-12-29 15:19:07',0,1,0),
	(175,'标题','',60,0,'2018-12-29 13:35:04','2018-12-29 15:19:07',0,1,0),
	(176,'图片','',60,0,'2018-12-29 13:35:04','2018-12-29 15:19:07',0,1,0),
	(177,'标题','',61,0,'2018-12-29 13:35:04','2018-12-29 15:19:07',0,1,0),
	(178,'视频','',61,0,'2018-12-29 13:35:04','2018-12-29 15:19:07',0,1,0),
	(179,'标题','',62,0,'2018-12-29 13:35:04','2018-12-29 15:19:07',0,1,0),
	(180,'图片','',62,0,'2018-12-29 13:35:04','2018-12-29 15:19:07',0,1,0),
	(181,'上传时间','',62,0,'2018-12-29 13:35:04','2018-12-29 15:19:07',0,1,0),
	(182,'摊位编号','',63,0,'2018-12-29 13:35:04','2018-12-29 15:19:07',0,1,0),
	(183,'广告类型','',63,0,'2018-12-29 13:35:04','2018-12-29 15:19:07',0,1,0),
	(184,'广告图片','',63,0,'2018-12-29 13:35:04','2018-12-29 15:19:07',0,1,0),
	(185,'楼层','',64,0,'2018-12-29 13:35:04','2018-12-29 15:19:07',0,1,0),
	(186,'地图','',64,0,'2018-12-29 13:35:04','2018-12-29 15:19:07',0,1,0),
	(187,'商品名称','',65,0,'2018-12-29 13:35:04','2018-12-29 15:19:07',0,1,0),
	(188,'商品类别','',65,0,'2018-12-29 13:35:04','2018-12-29 15:19:07',0,1,0),
	(189,'指导价','',65,0,'2018-12-29 13:35:04','2018-12-29 15:19:07',0,1,0),
	(190,'趋势设置','',65,0,'2018-12-29 13:35:04','2018-12-29 16:14:47',0,1,0),
	(191,'星级设置','',65,0,'2018-12-29 13:35:04','2018-12-29 16:14:47',0,1,0),
	(192,'商户姓名','',66,0,'2018-12-29 13:35:04','2018-12-29 16:14:47',0,1,0),
	(193,'摊位号','',66,0,'2018-12-29 13:35:04','2018-12-29 16:14:47',0,1,0),
	(196,'商户姓名','',67,0,'2018-12-29 13:35:04','2018-12-29 16:14:47',0,1,0),
	(197,'摊位号','',67,0,'2018-12-29 13:35:04','2018-12-29 16:14:47',0,1,0),
	(198,'设置','',67,0,'2018-12-29 13:35:04','2018-12-29 16:14:47',0,1,0),
	(199,'显示方式','',67,0,'2018-12-29 13:35:04','2018-12-29 16:14:47',0,1,0),
	(200,'称重右下角','',68,0,'2018-12-29 13:35:04','2018-12-29 16:14:47',0,1,0),
	(201,'屏保左下角','',68,0,'2018-12-29 13:35:04','2018-12-29 16:14:47',0,1,0),
	(202,'屏保左下角','',68,0,'2018-12-29 13:35:04','2018-12-29 16:14:47',0,1,0),
	(203,'屏保左下角','',68,0,'2018-12-29 13:35:04','2018-12-29 16:14:47',0,1,0),
	(204,'消防设施图片','',69,0,'2018-12-29 16:22:37',NULL,0,1,0),
	(205,'逃生路线图片','',70,0,'2018-12-29 16:22:37',NULL,0,1,0),
	(206,'培训名称','',71,0,'2018-12-29 16:22:37',NULL,0,1,0),
	(207,'培训单位','',71,0,'2018-12-29 16:22:37',NULL,0,1,0),
	(208,'培训日期','',71,0,'2018-12-29 16:22:37',NULL,0,1,0),
	(209,'巡查日期','',72,0,'2018-12-29 16:22:37',NULL,0,1,0),
	(210,'姓名','',73,0,'2018-12-29 16:22:37',NULL,0,1,0),
	(211,'年龄','',73,0,'2018-12-29 16:22:37',NULL,0,1,0),
	(212,'姓名','',74,0,'2018-12-29 16:22:37',NULL,0,1,0),
	(213,'年龄','',74,0,'2018-12-29 16:22:37',NULL,0,1,0),
	(214,'姓名','',75,0,'2018-12-29 16:22:37',NULL,0,1,0),
	(215,'年龄','',75,0,'2018-12-29 16:22:37',NULL,0,1,0),
	(216,'姓名','',76,0,'2018-12-29 16:22:37',NULL,0,1,0),
	(217,'年龄','',76,0,'2018-12-29 16:22:37',NULL,0,1,0),
	(218,'姓名','',77,0,'2018-12-29 16:22:37',NULL,0,1,0),
	(219,'年龄','',77,0,'2018-12-29 16:22:37',NULL,0,1,0),
	(220,'姓名','',78,0,'2018-12-29 16:22:37',NULL,0,1,0),
	(221,'年龄','',78,0,'2018-12-29 16:22:37',NULL,0,1,0),
	(222,'标题','',79,0,'2018-12-29 16:22:37',NULL,0,1,0),
	(223,'办理时间','',79,0,'2018-12-29 16:22:37',NULL,0,1,0),
	(224,'内容','',79,0,'2018-12-29 16:22:37',NULL,0,1,0),
	(225,'状态','',79,0,'2018-12-29 16:22:37',NULL,0,1,0),
	(226,'详情','',79,0,'2018-12-29 16:22:37',NULL,0,1,0),
	(227,'农贸市场','',80,0,'2018-12-29 16:22:37',NULL,0,1,0),
	(228,'广告类型','',80,0,'2018-12-29 16:22:37',NULL,0,1,0),
	(229,'标题','',81,0,'2018-12-29 16:22:37',NULL,0,1,0),
	(230,'图片','',81,0,'2018-12-29 16:22:37',NULL,0,1,0),
	(231,'时间','',81,0,'2018-12-29 16:22:37',NULL,0,1,0),
	(232,'内容','',82,0,'2018-12-29 16:22:37',NULL,0,1,0),
	(233,'时间','',82,0,'2018-12-29 16:22:37',NULL,0,1,0),
	(234,'图片','',83,0,'2018-12-29 16:22:37',NULL,0,1,0),
	(235,'标题','',84,0,'2018-12-29 16:22:37',NULL,0,1,0),
	(236,'视频','',84,0,'2018-12-29 16:22:37',NULL,0,1,0),
	(237,'农贸市场','',85,0,'2018-12-29 16:22:37',NULL,0,1,0),
	(238,'标题','',85,0,'2018-12-29 16:22:37',NULL,0,1,0),
	(239,'农贸市场','',86,0,'2018-12-29 16:22:37',NULL,0,1,0),
	(240,'标题','',86,0,'2018-12-29 16:22:37',NULL,0,1,0),
	(241,'农贸市场','',87,0,'2018-12-29 16:22:37',NULL,0,1,0),
	(242,'标题','',87,0,'2018-12-29 16:22:37',NULL,0,1,0),
	(243,'详情','',85,1,'2018-12-29 16:22:37',NULL,0,1,0),
	(244,'详情','',86,1,'2018-12-29 16:22:37',NULL,0,1,0),
	(245,'详情','',87,1,'2018-12-29 16:22:37',NULL,0,1,0),
	(246,'栏目名称','',88,0,'2018-12-29 16:22:37','2018-12-29 16:53:07',0,1,0),
	(247,'新闻标题','',88,0,'2018-12-29 16:22:37','2018-12-29 16:53:11',0,1,0),
	(248,'新闻时间','',88,0,'2018-12-29 16:22:37','2018-12-29 16:53:15',0,1,0),
	(249,'详情','',88,1,'2018-12-29 16:22:37','2018-12-29 16:53:15',0,1,0),
	(250,'登录账号','',89,0,'2018-12-29 16:22:37','2018-12-29 16:53:15',0,1,0),
	(251,'商户','',89,0,'2018-12-29 16:22:37','2018-12-29 16:53:15',0,1,0),
	(252,'摊位','',89,0,'2018-12-29 16:22:37','2018-12-29 16:53:15',0,1,0),
	(253,'审核状态','',89,0,'2018-12-29 16:22:37','2018-12-29 16:53:15',0,1,0),
	(254,'标题','',90,0,'2018-12-29 16:22:37','2018-12-29 16:53:15',0,1,0),
	(255,'图片','',90,0,'2018-12-29 16:22:37','2018-12-29 16:53:15',0,1,0),
	(256,'商户摊位号','',91,0,'2018-12-29 16:22:37','2018-12-29 16:53:15',0,1,0),
	(257,'商户名称','',91,0,'2018-12-29 16:22:37','2018-12-29 16:53:15',0,1,0),
	(258,'商品类型','',91,0,'2018-12-29 16:22:37','2018-12-29 16:53:15',0,1,0),
	(259,'商品名称','',91,0,'2018-12-29 16:22:37','2018-12-29 16:53:15',0,1,0),
	(260,'商户名称','',93,0,'2018-12-29 16:22:37','2018-12-29 16:53:15',0,1,0),
	(261,'摊位号','',93,0,'2018-12-29 16:22:37','2018-12-29 16:53:15',0,1,0),
	(262,'类别','',94,0,'2018-12-29 16:22:37','2018-12-29 16:53:15',0,1,0),
	(263,'ID','',94,0,'2018-12-29 16:22:37','2018-12-29 16:53:15',0,1,0),
	(264,'登录账号','',96,0,'2018-12-29 16:22:37','2018-12-29 16:53:15',0,1,0),
	(265,'买方姓名','',96,0,'2018-12-29 16:22:37','2018-12-29 16:53:15',0,1,0),
	(266,'联系方式','',96,0,'2018-12-29 16:22:37','2018-12-29 16:53:15',0,1,0),
	(267,'收货地址','',96,0,'2018-12-29 16:22:37','2018-12-29 16:53:15',0,1,0),
	(268,'消费者ID','',96,0,'2018-12-29 16:22:37','2018-12-29 16:53:15',0,1,0),
	(269,'登录账号','',97,0,'2018-12-29 16:22:37','2018-12-29 16:53:15',0,1,0),
	(270,'商户','',97,0,'2018-12-29 16:22:37','2018-12-29 16:53:15',0,1,0),
	(271,'摊位','',97,0,'2018-12-29 16:22:37','2018-12-29 16:53:15',0,1,0),
	(272,'审核状态','',97,0,'2018-12-29 16:22:37','2018-12-29 16:53:15',0,1,0),
	(273,'商户ID','',97,0,'2018-12-29 16:22:37','2018-12-29 16:53:15',0,1,0),
	(274,'登录账号','',98,0,'2018-12-29 16:22:37','2018-12-29 16:53:15',0,1,0),
	(275,'供应公司','',98,0,'2018-12-29 16:22:37','2018-12-29 16:53:15',0,1,0),
	(276,'联系方式','',98,0,'2018-12-29 16:22:37','2018-12-29 16:53:15',0,1,0),
	(277,'供应商ID','',98,0,'2018-12-29 16:22:37','2018-12-29 16:53:15',0,1,0),
	(278,'商品名称','',99,0,'2018-12-29 16:22:37','2018-12-29 16:53:15',0,1,0),
	(279,'分类ID','',99,0,'2018-12-29 16:22:37','2018-12-29 16:53:15',0,1,0),
	(280,'商户摊位号','',92,0,'2018-12-29 16:22:37','2018-12-29 16:53:15',0,1,0),
	(281,'商户名称','',92,0,'2018-12-29 16:22:37','2018-12-29 16:53:15',0,1,0),
	(282,'商户名称','',92,0,'2018-12-29 16:22:37','2018-12-29 16:53:15',0,1,0),
	(283,'商品类型','',92,0,'2018-12-29 16:22:37','2018-12-29 16:53:15',0,1,0),
	(284,'商品名称','',92,0,'2018-12-29 16:22:37','2018-12-29 16:53:15',0,1,0),
	(285,'商品ID','',92,0,'2018-12-29 16:22:37','2018-12-29 16:53:15',0,1,0),
	(286,'党团关系','',3,0,'2018-12-29 11:31:01','2019-01-03 18:15:29',0,1,1),
	(287,'发布单位','',6,0,'2018-12-29 11:38:00','2019-01-02 13:32:27',0,1,0),
	(288,'开始时间','',6,0,'2018-12-29 11:38:00','2019-01-02 13:32:38',0,1,0),
	(289,'结束时间','',6,0,'2018-12-29 11:38:00','2019-01-02 13:32:43',0,1,0),
	(290,'摊位号','',27,0,'2018-12-29 11:40:16',NULL,0,1,0),
	(291,'RFID编号','',27,0,'2018-12-29 11:40:16','2019-01-02 14:36:04',0,1,0),
	(292,'楼层','',38,0,'2018-12-29 13:35:04',NULL,0,1,0),
	(293,'性别','',39,0,'2018-12-29 13:35:04','2019-01-02 16:23:10',0,0,0),
	(294,'民族','',39,0,'2018-12-29 13:35:04','2019-01-02 16:24:15',0,0,0),
	(295,'党团关系','',39,0,'2018-12-29 13:35:04','2019-01-02 16:24:19',0,0,0),
	(296,'身份证号','',39,0,'2018-12-29 13:35:04','2019-01-02 16:24:23',0,0,0),
	(297,'学历','',39,0,'2018-12-29 13:35:04','2019-01-02 16:24:27',0,0,0),
	(298,'家庭住址','',39,0,'2018-12-29 13:35:04','2019-01-02 16:24:30',0,0,0),
	(299,'入驻时间','',39,0,'2018-12-29 13:35:04','2019-01-02 16:24:34',0,0,0),
	(300,'秤具编号','',39,0,'2018-12-29 13:35:04','2019-01-02 16:24:38',0,0,0),
	(301,'经营范围','',39,0,'2018-12-29 13:35:04','2019-01-02 16:24:43',0,0,0),
	(302,'星级','',39,0,'2018-12-29 13:35:04','2019-01-02 16:24:47',0,0,0),
	(303,'营业执照图片','',39,0,'2018-12-29 13:35:04','2019-01-02 16:24:52',0,0,0),
	(304,'健康证图片','',39,0,'2018-12-29 13:35:04','2019-01-02 16:25:02',0,0,0),
	(305,'身份证图片','',39,0,'2018-12-29 13:35:04','2019-01-02 16:25:06',0,0,0),
	(306,'支付宝图片','',39,0,'2018-12-29 13:35:04','2019-01-02 16:25:11',0,0,0),
	(307,'微信图片','',39,0,'2018-12-29 13:35:04','2019-01-02 16:25:16',0,0,0),
	(308,'流通许可证','',39,0,'2018-12-29 13:35:04','2019-01-02 16:25:23',0,0,0),
	(309,'农商静态码','',39,0,'2018-12-29 13:35:04','2019-01-02 16:25:34',0,0,0),
	(310,'合同金额','',40,0,'2018-12-29 13:35:04','2018-12-29 13:47:03',0,0,0),
	(311,'合同支付方式','',40,0,'2018-12-29 13:35:04','2019-01-02 17:19:28',0,0,0),
	(312,'合同开始时间','',40,0,'2018-12-29 13:35:04','2019-01-02 17:19:45',0,0,0),
	(313,'合同到期时间','',40,0,'2018-12-29 13:35:04','2019-01-02 17:19:55',0,0,0),
	(314,'租金支付方式','',40,0,'2018-12-29 13:35:04','2019-01-02 17:19:05',0,0,0),
	(315,'租金开始时间','',40,0,'2018-12-29 13:35:04','2019-01-02 17:21:00',0,0,0),
	(316,'租金结束时间','',40,0,'2018-12-29 13:35:04','2019-01-02 17:21:07',0,0,0),
	(317,'物业费支付方式','',40,0,'2018-12-29 13:35:04','2019-01-02 17:21:07',0,0,0),
	(318,'物业开始时间','',40,0,'2018-12-29 13:35:04','2019-01-02 17:23:21',0,0,0),
	(319,'物业结束时间','',40,0,'2018-12-29 13:35:04','2019-01-02 17:21:07',0,0,0),
	(320,'保证金','',40,0,'2018-12-29 13:35:04','2019-01-02 17:21:07',0,0,0),
	(321,'保证金支付方式','',40,0,'2018-12-29 13:35:04','2019-01-02 17:21:07',0,0,0),
	(322,'合同图片','',40,0,'2018-12-29 13:35:04','2019-01-02 17:21:07',0,0,0),
	(323,'其它证件图片','',40,0,'2018-12-29 13:35:04','2019-01-02 17:21:07',0,0,0),
	(324,'摊位编号','',42,0,'2018-12-29 13:35:04','2018-12-29 13:47:03',0,0,0),
	(325,'电单价','',56,0,'2018-12-29 13:35:04','2018-12-29 15:19:07',0,1,0),
	(326,'水单价','',54,0,'2018-12-29 13:35:04','2018-12-29 15:21:11',0,1,0),
	(327,'简要情况','',55,0,'2018-12-29 13:35:04','2018-12-29 15:19:07',0,0,0),
	(329,'数据','',107,0,'2018-12-29 13:35:04','2019-01-03 16:25:08',0,1,0),
	(330,'数据','',108,0,'2018-12-29 13:35:04','2019-01-03 16:25:08',0,1,0);

/*!40000 ALTER TABLE `p_field` ENABLE KEYS */;
UNLOCK TABLES;


# Dump of table p_field_data
# ------------------------------------------------------------

DROP TABLE IF EXISTS `p_field_data`;

CREATE TABLE `p_field_data` (
  `id` bigint(10) unsigned NOT NULL AUTO_INCREMENT,
  `field_value` varchar(255) COLLATE utf8mb4_unicode_ci NOT NULL DEFAULT '' COMMENT '字段值',
  `field_id` int(11) unsigned NOT NULL DEFAULT '0' COMMENT '字段id',
  `market_id` int(10) unsigned NOT NULL DEFAULT '0' COMMENT '市场id',
  `type_id` int(10) unsigned NOT NULL DEFAULT '0' COMMENT 'typeid',
  `data_id` char(36) COLLATE utf8mb4_unicode_ci NOT NULL DEFAULT '' COMMENT '数据id',
  `article_id` int(10) unsigned NOT NULL DEFAULT '0' COMMENT '文章全文id',
  `created_at` timestamp NULL DEFAULT CURRENT_TIMESTAMP,
  `updated_at` timestamp NULL DEFAULT NULL ON UPDATE CURRENT_TIMESTAMP,
  PRIMARY KEY (`id`),
  KEY `idx_type_market_field` (`type_id`,`market_id`,`field_id`),
  KEY `idx_data_id` (`data_id`)
) ENGINE=InnoDB DEFAULT CHARSET=utf8mb4 COLLATE=utf8mb4_unicode_ci COMMENT='字段数据';

LOCK TABLES `p_field_data` WRITE;
/*!40000 ALTER TABLE `p_field_data` DISABLE KEYS */;

INSERT INTO `p_field_data` (`id`, `field_value`, `field_id`, `market_id`, `type_id`, `data_id`, `article_id`, `created_at`, `updated_at`)
VALUES
	(81,'vv',1,1,2,'9f0519f4-0a6c-11e9-b93e-7c57414285d6',0,'2018-12-28 14:48:45','2018-12-29 10:15:31'),
	(82,'dd',2,1,2,'9f0519f4-0a6c-11e9-b93e-7c57414285d6',0,'2018-12-28 14:48:45','2018-12-29 10:15:31'),
	(83,'2018-12-28',3,1,2,'9f0519f4-0a6c-11e9-b93e-7c57414285d6',0,'2018-12-28 14:48:45','2018-12-29 10:15:31'),
	(84,'<p>dd<br/></p>',6,1,2,'9f0519f4-0a6c-11e9-b93e-7c57414285d6',26,'2018-12-28 14:48:45','2018-12-29 10:15:31'),
	(85,'vv',1,1,2,'9f54203a-0a6c-11e9-b93e-7c57414285d6',0,'2018-12-28 14:48:45','2018-12-29 10:15:31'),
	(86,'dd',2,1,2,'9f54203a-0a6c-11e9-b93e-7c57414285d6',0,'2018-12-28 14:48:45','2018-12-29 10:15:31'),
	(87,'2018-12-28',3,1,2,'9f54203a-0a6c-11e9-b93e-7c57414285d6',0,'2018-12-28 14:48:45','2018-12-29 10:15:31'),
	(88,'<p>dd<br/></p>',6,1,2,'9f54203a-0a6c-11e9-b93e-7c57414285d6',27,'2018-12-28 14:48:45','2018-12-29 10:15:31'),
	(101,'vv',1,1,2,'a0859f1a-0a6c-11e9-b93e-7c57414285d6',0,'2018-12-28 14:48:47','2018-12-29 10:15:31'),
	(102,'dd',2,1,2,'a0859f1a-0a6c-11e9-b93e-7c57414285d6',0,'2018-12-28 14:48:47','2018-12-29 10:15:31'),
	(103,'2018-12-28',3,1,2,'a0859f1a-0a6c-11e9-b93e-7c57414285d6',0,'2018-12-28 14:48:47','2018-12-29 10:15:31'),
	(104,'<p>dd<br/></p>',6,1,2,'a0859f1a-0a6c-11e9-b93e-7c57414285d6',31,'2018-12-28 14:48:47','2018-12-29 10:15:31'),
	(105,'vv',1,1,2,'a0cced66-0a6c-11e9-b93e-7c57414285d6',0,'2018-12-28 14:48:48','2018-12-29 10:15:31'),
	(106,'dd',2,1,2,'a0cced66-0a6c-11e9-b93e-7c57414285d6',0,'2018-12-28 14:48:48','2018-12-29 10:15:31'),
	(107,'2018-12-28',3,1,2,'a0cced66-0a6c-11e9-b93e-7c57414285d6',0,'2018-12-28 14:48:48','2018-12-29 10:15:31'),
	(108,'<p>dd<br/></p>',6,1,2,'a0cced66-0a6c-11e9-b93e-7c57414285d6',32,'2018-12-28 14:48:48','2018-12-29 10:15:31'),
	(109,'vv',1,1,2,'a1213362-0a6c-11e9-b93e-7c57414285d6',0,'2018-12-28 14:48:48','2018-12-29 10:15:31'),
	(110,'dd',2,1,2,'a1213362-0a6c-11e9-b93e-7c57414285d6',0,'2018-12-28 14:48:48','2018-12-29 10:15:31'),
	(111,'2018-12-28',3,1,2,'a1213362-0a6c-11e9-b93e-7c57414285d6',0,'2018-12-28 14:48:48','2018-12-29 10:15:31'),
	(112,'<p>dd<br/></p>',6,1,2,'a1213362-0a6c-11e9-b93e-7c57414285d6',33,'2018-12-28 14:48:48','2018-12-29 10:15:31'),
	(113,'vv',1,1,2,'a175a35c-0a6c-11e9-b93e-7c57414285d6',0,'2018-12-28 14:48:49','2018-12-29 10:15:31'),
	(114,'dd',2,1,2,'a175a35c-0a6c-11e9-b93e-7c57414285d6',0,'2018-12-28 14:48:49','2018-12-29 10:15:31'),
	(115,'2018-12-28',3,1,2,'a175a35c-0a6c-11e9-b93e-7c57414285d6',0,'2018-12-28 14:48:49','2018-12-29 10:15:31'),
	(116,'<p>dd<br/></p>',6,1,2,'a175a35c-0a6c-11e9-b93e-7c57414285d6',34,'2018-12-28 14:48:49','2018-12-29 10:15:31'),
	(117,'vv',1,1,2,'a1c2b76e-0a6c-11e9-b93e-7c57414285d6',0,'2018-12-28 14:48:49','2018-12-29 10:15:31'),
	(118,'dd',2,1,2,'a1c2b76e-0a6c-11e9-b93e-7c57414285d6',0,'2018-12-28 14:48:49','2018-12-29 10:15:31'),
	(119,'2018-12-28',3,1,2,'a1c2b76e-0a6c-11e9-b93e-7c57414285d6',0,'2018-12-28 14:48:49','2018-12-29 10:15:31'),
	(120,'<p>dd<br/></p>',6,1,2,'a1c2b76e-0a6c-11e9-b93e-7c57414285d6',35,'2018-12-28 14:48:49','2018-12-29 10:15:31'),
	(121,'vv',1,1,2,'a20bccb0-0a6c-11e9-b93e-7c57414285d6',0,'2018-12-28 14:48:50','2018-12-29 10:15:31'),
	(122,'dd',2,1,2,'a20bccb0-0a6c-11e9-b93e-7c57414285d6',0,'2018-12-28 14:48:50','2018-12-29 10:15:31'),
	(123,'2018-12-28',3,1,2,'a20bccb0-0a6c-11e9-b93e-7c57414285d6',0,'2018-12-28 14:48:50','2018-12-29 10:15:31'),
	(124,'<p>dd<br/></p>',6,1,2,'a20bccb0-0a6c-11e9-b93e-7c57414285d6',36,'2018-12-28 14:48:50','2018-12-29 10:15:31'),
	(125,'vv',1,1,2,'a255d94a-0a6c-11e9-b93e-7c57414285d6',0,'2018-12-28 14:48:50','2018-12-29 10:15:31'),
	(126,'dd',2,1,2,'a255d94a-0a6c-11e9-b93e-7c57414285d6',0,'2018-12-28 14:48:50','2018-12-29 10:15:31'),
	(127,'2018-12-28',3,1,2,'a255d94a-0a6c-11e9-b93e-7c57414285d6',0,'2018-12-28 14:48:50','2018-12-29 10:15:31'),
	(128,'<p>dd<br/></p>',6,1,2,'a255d94a-0a6c-11e9-b93e-7c57414285d6',37,'2018-12-28 14:48:50','2018-12-29 10:15:31'),
	(129,'vv',1,1,2,'a2a237d6-0a6c-11e9-b93e-7c57414285d6',0,'2018-12-28 14:48:51','2018-12-29 10:15:31'),
	(130,'dd',2,1,2,'a2a237d6-0a6c-11e9-b93e-7c57414285d6',0,'2018-12-28 14:48:51','2018-12-29 10:15:31'),
	(131,'2018-12-28',3,1,2,'a2a237d6-0a6c-11e9-b93e-7c57414285d6',0,'2018-12-28 14:48:51','2018-12-29 10:15:31'),
	(132,'<p>dd<br/></p>',6,1,2,'a2a237d6-0a6c-11e9-b93e-7c57414285d6',38,'2018-12-28 14:48:51','2018-12-29 10:15:31'),
	(133,'vv',1,1,2,'a2ec9ff6-0a6c-11e9-b93e-7c57414285d6',0,'2018-12-28 14:48:51','2018-12-29 10:15:31'),
	(134,'dd',2,1,2,'a2ec9ff6-0a6c-11e9-b93e-7c57414285d6',0,'2018-12-28 14:48:51','2018-12-29 10:15:31'),
	(135,'2018-12-28',3,1,2,'a2ec9ff6-0a6c-11e9-b93e-7c57414285d6',0,'2018-12-28 14:48:51','2018-12-29 10:15:31'),
	(136,'<p>dd<br/></p>',6,1,2,'a2ec9ff6-0a6c-11e9-b93e-7c57414285d6',39,'2018-12-28 14:48:51','2018-12-29 10:15:31'),
	(137,'vv',1,1,2,'a330c5aa-0a6c-11e9-b93e-7c57414285d6',0,'2018-12-28 14:48:52','2018-12-29 10:15:31'),
	(138,'dd',2,1,2,'a330c5aa-0a6c-11e9-b93e-7c57414285d6',0,'2018-12-28 14:48:52','2018-12-29 10:15:31'),
	(139,'2018-12-28',3,1,2,'a330c5aa-0a6c-11e9-b93e-7c57414285d6',0,'2018-12-28 14:48:52','2018-12-29 10:15:31'),
	(140,'<p>dd<br/></p>',6,1,2,'a330c5aa-0a6c-11e9-b93e-7c57414285d6',40,'2018-12-28 14:48:52','2018-12-29 10:15:31'),
	(141,'vv',1,1,2,'a3755e9a-0a6c-11e9-b93e-7c57414285d6',0,'2018-12-28 14:48:52','2018-12-29 10:15:31'),
	(142,'dd',2,1,2,'a3755e9a-0a6c-11e9-b93e-7c57414285d6',0,'2018-12-28 14:48:52','2018-12-29 10:15:31'),
	(143,'2018-12-28',3,1,2,'a3755e9a-0a6c-11e9-b93e-7c57414285d6',0,'2018-12-28 14:48:52','2018-12-29 10:15:31'),
	(144,'<p>dd<br/></p>',6,1,2,'a3755e9a-0a6c-11e9-b93e-7c57414285d6',41,'2018-12-28 14:48:52','2018-12-29 10:15:31'),
	(145,'vv',1,1,2,'a3bc6ff6-0a6c-11e9-b93e-7c57414285d6',0,'2018-12-28 14:48:53','2018-12-29 10:15:31'),
	(146,'dd',2,1,2,'a3bc6ff6-0a6c-11e9-b93e-7c57414285d6',0,'2018-12-28 14:48:53','2018-12-29 10:15:31'),
	(147,'2018-12-28',3,1,2,'a3bc6ff6-0a6c-11e9-b93e-7c57414285d6',0,'2018-12-28 14:48:53','2018-12-29 10:15:31'),
	(148,'<p>dd<br/></p>',6,1,2,'a3bc6ff6-0a6c-11e9-b93e-7c57414285d6',42,'2018-12-28 14:48:53','2018-12-29 10:15:31'),
	(149,'vv',1,1,2,'a3fd7708-0a6c-11e9-b93e-7c57414285d6',0,'2018-12-28 14:48:53','2018-12-29 10:15:31'),
	(150,'dd',2,1,2,'a3fd7708-0a6c-11e9-b93e-7c57414285d6',0,'2018-12-28 14:48:53','2018-12-29 10:15:31'),
	(151,'2018-12-28',3,1,2,'a3fd7708-0a6c-11e9-b93e-7c57414285d6',0,'2018-12-28 14:48:53','2018-12-29 10:15:31'),
	(152,'<p>dd<br/></p>',6,1,2,'a3fd7708-0a6c-11e9-b93e-7c57414285d6',43,'2018-12-28 14:48:53','2018-12-29 10:15:31'),
	(153,'vv',1,1,2,'a443ce92-0a6c-11e9-b93e-7c57414285d6',0,'2018-12-28 14:48:54','2018-12-29 10:15:31'),
	(154,'dd',2,1,2,'a443ce92-0a6c-11e9-b93e-7c57414285d6',0,'2018-12-28 14:48:54','2018-12-29 10:15:31'),
	(155,'2018-12-28',3,1,2,'a443ce92-0a6c-11e9-b93e-7c57414285d6',0,'2018-12-28 14:48:54','2018-12-29 10:15:31'),
	(156,'<p>dd<br/></p>',6,1,2,'a443ce92-0a6c-11e9-b93e-7c57414285d6',44,'2018-12-28 14:48:54','2018-12-29 10:15:31'),
	(157,'vv',1,1,2,'a4932d02-0a6c-11e9-b93e-7c57414285d6',0,'2018-12-28 14:48:54','2018-12-29 10:15:31'),
	(158,'dd',2,1,2,'a4932d02-0a6c-11e9-b93e-7c57414285d6',0,'2018-12-28 14:48:54','2018-12-29 10:15:31'),
	(159,'2018-12-28',3,1,2,'a4932d02-0a6c-11e9-b93e-7c57414285d6',0,'2018-12-28 14:48:54','2018-12-29 10:15:31'),
	(160,'<p>dd<br/></p>',6,1,2,'a4932d02-0a6c-11e9-b93e-7c57414285d6',45,'2018-12-28 14:48:54','2018-12-29 10:15:31'),
	(161,'vv',1,1,2,'a529cb36-0a6c-11e9-b93e-7c57414285d6',0,'2018-12-28 14:48:55','2018-12-29 10:15:31'),
	(162,'dd',2,1,2,'a529cb36-0a6c-11e9-b93e-7c57414285d6',0,'2018-12-28 14:48:55','2018-12-29 10:15:31'),
	(163,'2018-12-28',3,1,2,'a529cb36-0a6c-11e9-b93e-7c57414285d6',0,'2018-12-28 14:48:55','2018-12-29 10:15:31'),
	(164,'<p>dd<br/></p>',6,1,2,'a529cb36-0a6c-11e9-b93e-7c57414285d6',46,'2018-12-28 14:48:55','2018-12-29 10:15:31'),
	(165,'vv',1,1,2,'a75be20e-0a6c-11e9-b93e-7c57414285d6',0,'2018-12-28 14:48:59','2018-12-29 10:15:31'),
	(166,'dd',2,1,2,'a75be20e-0a6c-11e9-b93e-7c57414285d6',0,'2018-12-28 14:48:59','2018-12-29 10:15:31'),
	(167,'2018-12-28',3,1,2,'a75be20e-0a6c-11e9-b93e-7c57414285d6',0,'2018-12-28 14:48:59','2018-12-29 10:15:31'),
	(168,'<p>dd<br/></p>',6,1,2,'a75be20e-0a6c-11e9-b93e-7c57414285d6',47,'2018-12-28 14:48:59','2018-12-29 10:15:31'),
	(169,'ddd',7,1,9,'948775e6-0b14-11e9-b93e-7c57414285d6',0,'2018-12-29 10:51:03',NULL),
	(170,'qwe',7,1,9,'a887ea9e-0b14-11e9-b93e-7c57414285d6',0,'2018-12-29 10:51:36',NULL),
	(171,'qwe',7,1,9,'c1ed41fa-0b14-11e9-b93e-7c57414285d6',0,'2018-12-29 10:52:19',NULL),
	(172,'qwe',7,1,9,'cd133ac6-0b14-11e9-b93e-7c57414285d6',0,'2018-12-29 10:52:37',NULL),
	(174,'12345',7,1,1,'4172a41a-0b15-11e9-b93e-7c57414285d6',0,'2018-12-29 10:55:53','2018-12-29 11:18:32'),
	(175,'qwe',7,1,1,'4df5ab06-0b15-11e9-b93e-7c57414285d6',0,'2018-12-29 10:56:14',NULL),
	(176,'qwe',7,1,1,'555e6036-0b15-11e9-b93e-7c57414285d6',0,'2018-12-29 10:56:26',NULL),
	(177,'wdd',7,1,1,'5ae48da0-0b15-11e9-b93e-7c57414285d6',0,'2018-12-29 10:56:35',NULL),
	(178,'职位类型',7,1,1,'7a450350-0b15-11e9-b93e-7c57414285d6',0,'2018-12-29 10:57:28',NULL),
	(201,'dd小星星',8,1,3,'d48a56ec-0e3c-11e9-b93e-7c57414285d6',0,'2019-01-02 11:16:43','2019-01-02 11:34:31'),
	(202,'389',9,1,3,'d48a56ec-0e3c-11e9-b93e-7c57414285d6',0,'2019-01-02 11:16:43','2019-01-03 17:56:02'),
	(203,'112344',10,1,3,'d48a56ec-0e3c-11e9-b93e-7c57414285d6',0,'2019-01-02 11:16:43',NULL),
	(204,'98',11,1,3,'d48a56ec-0e3c-11e9-b93e-7c57414285d6',0,'2019-01-02 11:16:43',NULL),
	(205,'ff',13,1,3,'d48a56ec-0e3c-11e9-b93e-7c57414285d6',0,'2019-01-02 11:16:43',NULL),
	(206,'3344',14,1,3,'d48a56ec-0e3c-11e9-b93e-7c57414285d6',0,'2019-01-02 11:16:43',NULL),
	(207,'233344',15,1,3,'d48a56ec-0e3c-11e9-b93e-7c57414285d6',0,'2019-01-02 11:16:43',NULL),
	(208,'2019-01-03',16,1,3,'d48a56ec-0e3c-11e9-b93e-7c57414285d6',0,'2019-01-02 11:16:43',NULL),
	(209,'',17,1,3,'d48a56ec-0e3c-11e9-b93e-7c57414285d6',0,'2019-01-02 11:16:43',NULL),
	(210,'',18,1,3,'d48a56ec-0e3c-11e9-b93e-7c57414285d6',0,'2019-01-02 11:16:43',NULL),
	(211,'393',286,1,3,'d48a56ec-0e3c-11e9-b93e-7c57414285d6',0,'2019-01-02 11:16:43','2019-01-03 17:57:15'),
	(212,'dd',8,1,3,'d7daea28-0e3c-11e9-b93e-7c57414285d6',0,'2019-01-02 11:16:49',NULL),
	(213,'389',9,1,3,'d7daea28-0e3c-11e9-b93e-7c57414285d6',0,'2019-01-02 11:16:49','2019-01-03 18:15:44'),
	(214,'112344',10,1,3,'d7daea28-0e3c-11e9-b93e-7c57414285d6',0,'2019-01-02 11:16:49',NULL),
	(215,'98',11,1,3,'d7daea28-0e3c-11e9-b93e-7c57414285d6',0,'2019-01-02 11:16:49',NULL),
	(216,'ff',13,1,3,'d7daea28-0e3c-11e9-b93e-7c57414285d6',0,'2019-01-02 11:16:49',NULL),
	(217,'3344',14,1,3,'d7daea28-0e3c-11e9-b93e-7c57414285d6',0,'2019-01-02 11:16:49',NULL),
	(218,'233344',15,1,3,'d7daea28-0e3c-11e9-b93e-7c57414285d6',0,'2019-01-02 11:16:49',NULL),
	(219,'2019-01-03',16,1,3,'d7daea28-0e3c-11e9-b93e-7c57414285d6',0,'2019-01-02 11:16:49',NULL),
	(220,'',17,1,3,'d7daea28-0e3c-11e9-b93e-7c57414285d6',0,'2019-01-02 11:16:49',NULL),
	(221,'',18,1,3,'d7daea28-0e3c-11e9-b93e-7c57414285d6',0,'2019-01-02 11:16:49',NULL),
	(222,'393',286,1,3,'d7daea28-0e3c-11e9-b93e-7c57414285d6',0,'2019-01-02 11:16:49','2019-01-03 18:15:44'),
	(223,'dd',8,1,3,'f8729b3c-0e3c-11e9-b93e-7c57414285d6',0,'2019-01-02 11:17:44',NULL),
	(224,'390',9,1,3,'f8729b3c-0e3c-11e9-b93e-7c57414285d6',0,'2019-01-02 11:17:44','2019-01-03 18:15:52'),
	(225,'112344',10,1,3,'f8729b3c-0e3c-11e9-b93e-7c57414285d6',0,'2019-01-02 11:17:44',NULL),
	(226,'98',11,1,3,'f8729b3c-0e3c-11e9-b93e-7c57414285d6',0,'2019-01-02 11:17:44',NULL),
	(227,'ff',13,1,3,'f8729b3c-0e3c-11e9-b93e-7c57414285d6',0,'2019-01-02 11:17:44',NULL),
	(228,'3344',14,1,3,'f8729b3c-0e3c-11e9-b93e-7c57414285d6',0,'2019-01-02 11:17:44',NULL),
	(229,'233344',15,1,3,'f8729b3c-0e3c-11e9-b93e-7c57414285d6',0,'2019-01-02 11:17:44',NULL),
	(230,'2019-01-03',16,1,3,'f8729b3c-0e3c-11e9-b93e-7c57414285d6',0,'2019-01-02 11:17:44',NULL),
	(231,'',17,1,3,'f8729b3c-0e3c-11e9-b93e-7c57414285d6',0,'2019-01-02 11:17:44',NULL),
	(232,'',18,1,3,'f8729b3c-0e3c-11e9-b93e-7c57414285d6',0,'2019-01-02 11:17:44',NULL),
	(233,'392',286,1,3,'f8729b3c-0e3c-11e9-b93e-7c57414285d6',0,'2019-01-02 11:17:44','2019-01-03 18:15:52'),
	(267,'经理1',19,1,4,'b3e3b9d0-0e3f-11e9-b93e-7c57414285d6',0,'2019-01-02 11:37:17','2019-01-02 11:40:45'),
	(268,'ddee dd   ',20,1,5,'bbc5ecb2-0e40-11e9-b93e-7c57414285d6',0,'2019-01-02 11:44:40','2019-01-02 11:54:32'),
	(269,'wweeww',21,1,5,'bbc5ecb2-0e40-11e9-b93e-7c57414285d6',0,'2019-01-02 11:44:40','2019-01-02 11:53:21'),
	(270,'',23,1,5,'bbc5ecb2-0e40-11e9-b93e-7c57414285d6',48,'2019-01-02 11:44:40',NULL),
	(271,'w ',20,1,5,'55804a68-0e42-11e9-b93e-7c57414285d6',0,'2019-01-02 11:56:07','2019-01-02 11:56:29'),
	(272,'dd',21,1,5,'55804a68-0e42-11e9-b93e-7c57414285d6',0,'2019-01-02 11:56:07',NULL),
	(273,'2019-01-02',22,1,5,'55804a68-0e42-11e9-b93e-7c57414285d6',0,'2019-01-02 11:56:07',NULL),
	(274,'',23,1,5,'55804a68-0e42-11e9-b93e-7c57414285d6',49,'2019-01-02 11:56:07',NULL),
	(280,'ddff222',24,1,6,'f0a8f942-0e4f-11e9-b93e-7c57414285d6',0,'2019-01-02 13:33:31','2019-01-02 13:41:52'),
	(281,'',26,1,6,'f0a8f942-0e4f-11e9-b93e-7c57414285d6',54,'2019-01-02 13:33:31',NULL),
	(282,'345',287,1,6,'f0a8f942-0e4f-11e9-b93e-7c57414285d6',0,'2019-01-02 13:33:31',NULL),
	(283,'2019-01-02',288,1,6,'f0a8f942-0e4f-11e9-b93e-7c57414285d6',0,'2019-01-02 13:33:31',NULL),
	(284,'2019-01-03',289,1,6,'f0a8f942-0e4f-11e9-b93e-7c57414285d6',0,'2019-01-02 13:33:31',NULL),
	(285,'wwww',27,1,7,'bb975062-0e51-11e9-b93e-7c57414285d6',0,'2019-01-02 13:46:21','2019-01-02 13:58:46'),
	(286,'2019-01-30',28,1,7,'bb975062-0e51-11e9-b93e-7c57414285d6',0,'2019-01-02 13:46:21','2019-01-02 13:58:46'),
	(287,'0',29,1,7,'bb975062-0e51-11e9-b93e-7c57414285d6',0,'2019-01-02 13:46:21','2019-01-02 13:58:46'),
	(288,'wwww',30,1,7,'bb975062-0e51-11e9-b93e-7c57414285d6',0,'2019-01-02 13:46:21','2019-01-02 13:58:46'),
	(289,'wwsdf',31,1,7,'bb975062-0e51-11e9-b93e-7c57414285d6',0,'2019-01-02 13:46:21',NULL),
	(290,'2019-01-30',32,1,7,'bb975062-0e51-11e9-b93e-7c57414285d6',0,'2019-01-02 13:46:21','2019-01-02 13:58:46'),
	(295,'ww',41,1,27,'f823e7be-0e58-11e9-b93e-7c57414285d6',0,'2019-01-02 14:38:09',NULL),
	(296,'15',42,1,27,'f823e7be-0e58-11e9-b93e-7c57414285d6',0,'2019-01-02 14:38:09',NULL),
	(297,'3937',290,1,27,'f823e7be-0e58-11e9-b93e-7c57414285d6',0,'2019-01-02 14:38:09',NULL),
	(298,'dddd',291,1,27,'f823e7be-0e58-11e9-b93e-7c57414285d6',0,'2019-01-02 14:38:09',NULL),
	(299,'eee',41,1,27,'15360cba-0e59-11e9-b93e-7c57414285d6',0,'2019-01-02 14:38:58',NULL),
	(300,'16',42,1,27,'15360cba-0e59-11e9-b93e-7c57414285d6',0,'2019-01-02 14:38:58',NULL),
	(301,'3936',290,1,27,'15360cba-0e59-11e9-b93e-7c57414285d6',0,'2019-01-02 14:38:58',NULL),
	(302,'ccvv',291,1,27,'15360cba-0e59-11e9-b93e-7c57414285d6',0,'2019-01-02 14:38:58',NULL),
	(308,'0',44,1,28,'9818639a-0e5d-11e9-b93e-7c57414285d6',0,'2019-01-02 15:11:15',NULL),
	(309,'xds',46,1,28,'9818639a-0e5d-11e9-b93e-7c57414285d6',0,'2019-01-02 15:11:15',NULL),
	(310,'2019-01-02 15:11:11',47,1,28,'9818639a-0e5d-11e9-b93e-7c57414285d6',0,'2019-01-02 15:11:15',NULL),
	(311,'10',44,1,28,'ff66ab88-0e5d-11e9-b93e-7c57414285d6',0,'2019-01-02 15:14:09',NULL),
	(312,'xsw',46,1,28,'ff66ab88-0e5d-11e9-b93e-7c57414285d6',0,'2019-01-02 15:14:09',NULL),
	(313,'2019-01-02 15:14:03',47,1,28,'ff66ab88-0e5d-11e9-b93e-7c57414285d6',0,'2019-01-02 15:14:09',NULL),
	(314,'001',77,1,38,'3b946af0-0e63-11e9-b93e-7c57414285d6',0,'2019-01-02 15:51:37',NULL),
	(315,'10',79,1,38,'3b946af0-0e63-11e9-b93e-7c57414285d6',0,'2019-01-02 15:51:37',NULL),
	(316,'1000',80,1,38,'3b946af0-0e63-11e9-b93e-7c57414285d6',0,'2019-01-02 15:51:37',NULL),
	(317,'355',81,1,38,'3b946af0-0e63-11e9-b93e-7c57414285d6',0,'2019-01-02 15:51:37','2019-01-02 15:56:10'),
	(318,'1',82,1,38,'3b946af0-0e63-11e9-b93e-7c57414285d6',0,'2019-01-02 15:51:37','2019-01-02 15:56:34'),
	(319,'4',292,1,38,'3b946af0-0e63-11e9-b93e-7c57414285d6',0,'2019-01-02 15:51:37','2019-01-02 15:56:34'),
	(320,'dddff',83,1,37,'92233d50-0e64-11e9-b93e-7c57414285d6',0,'2019-01-02 16:01:12','2019-01-02 16:03:48'),
	(321,'1100993',84,1,37,'92233d50-0e64-11e9-b93e-7c57414285d6',0,'2019-01-02 16:01:12','2019-01-02 16:03:57'),
	(322,'dd',85,1,39,'024aa300-0e67-11e9-b93e-7c57414285d6',0,'2019-01-02 16:18:39',NULL),
	(323,'2019-01-03',299,1,39,'024aa300-0e67-11e9-b93e-7c57414285d6',0,'2019-01-02 16:18:39',NULL),
	(324,'59',301,1,39,'024aa300-0e67-11e9-b93e-7c57414285d6',0,'2019-01-02 16:18:39',NULL),
	(325,'3',302,1,39,'024aa300-0e67-11e9-b93e-7c57414285d6',0,'2019-01-02 16:18:39',NULL),
	(326,'',303,1,39,'024aa300-0e67-11e9-b93e-7c57414285d6',0,'2019-01-02 16:18:39',NULL),
	(327,'',304,1,39,'024aa300-0e67-11e9-b93e-7c57414285d6',0,'2019-01-02 16:18:39',NULL),
	(328,'',305,1,39,'024aa300-0e67-11e9-b93e-7c57414285d6',0,'2019-01-02 16:18:39',NULL),
	(329,'',306,1,39,'024aa300-0e67-11e9-b93e-7c57414285d6',0,'2019-01-02 16:18:39',NULL),
	(330,'',307,1,39,'024aa300-0e67-11e9-b93e-7c57414285d6',0,'2019-01-02 16:18:39',NULL),
	(331,'',308,1,39,'024aa300-0e67-11e9-b93e-7c57414285d6',0,'2019-01-02 16:18:39',NULL),
	(332,'eeeee',298,1,39,'024aa300-0e67-11e9-b93e-7c57414285d6',0,'2019-01-02 16:18:39',NULL),
	(333,'1',297,1,39,'024aa300-0e67-11e9-b93e-7c57414285d6',0,'2019-01-02 16:18:39',NULL),
	(334,'eeee',86,1,39,'024aa300-0e67-11e9-b93e-7c57414285d6',0,'2019-01-02 16:18:39',NULL),
	(335,'4479',87,1,39,'024aa300-0e67-11e9-b93e-7c57414285d6',0,'2019-01-02 16:18:39','2019-01-02 17:10:00'),
	(336,'1',293,1,39,'024aa300-0e67-11e9-b93e-7c57414285d6',0,'2019-01-02 16:18:39','2019-01-02 17:10:00'),
	(337,'eee',294,1,39,'024aa300-0e67-11e9-b93e-7c57414285d6',0,'2019-01-02 16:18:39',NULL),
	(338,'0',295,1,39,'024aa300-0e67-11e9-b93e-7c57414285d6',0,'2019-01-02 16:18:39',NULL),
	(339,'eeee',296,1,39,'024aa300-0e67-11e9-b93e-7c57414285d6',0,'2019-01-02 16:18:39',NULL),
	(340,'',309,1,39,'024aa300-0e67-11e9-b93e-7c57414285d6',0,'2019-01-02 16:18:39',NULL),
	(341,'3905',92,1,40,'71a871d8-0e70-11e9-b93e-7c57414285d6',0,'2019-01-02 17:26:11','2019-01-02 17:39:26'),
	(342,'3',314,1,40,'71a871d8-0e70-11e9-b93e-7c57414285d6',0,'2019-01-02 17:26:11','2019-01-02 17:39:15'),
	(343,'2019-01-09',315,1,40,'71a871d8-0e70-11e9-b93e-7c57414285d6',0,'2019-01-02 17:26:11',NULL),
	(344,'2019-01-22',316,1,40,'71a871d8-0e70-11e9-b93e-7c57414285d6',0,'2019-01-02 17:26:11','2019-01-02 17:39:15'),
	(345,'4',317,1,40,'71a871d8-0e70-11e9-b93e-7c57414285d6',0,'2019-01-02 17:26:11',NULL),
	(346,'2019-01-09',318,1,40,'71a871d8-0e70-11e9-b93e-7c57414285d6',0,'2019-01-02 17:26:11',NULL),
	(347,'2019-01-09',319,1,40,'71a871d8-0e70-11e9-b93e-7c57414285d6',0,'2019-01-02 17:26:11',NULL),
	(348,'1111',320,1,40,'71a871d8-0e70-11e9-b93e-7c57414285d6',0,'2019-01-02 17:26:11',NULL),
	(349,'5',321,1,40,'71a871d8-0e70-11e9-b93e-7c57414285d6',0,'2019-01-02 17:26:11',NULL),
	(350,'',322,1,40,'71a871d8-0e70-11e9-b93e-7c57414285d6',0,'2019-01-02 17:26:11',NULL),
	(351,'2019-01-04',313,1,40,'71a871d8-0e70-11e9-b93e-7c57414285d6',0,'2019-01-02 17:26:11',NULL),
	(352,'2019-01-02',312,1,40,'71a871d8-0e70-11e9-b93e-7c57414285d6',0,'2019-01-02 17:26:11',NULL),
	(353,'',93,1,40,'71a871d8-0e70-11e9-b93e-7c57414285d6',0,'2019-01-02 17:26:11',NULL),
	(354,'234',95,1,40,'71a871d8-0e70-11e9-b93e-7c57414285d6',0,'2019-01-02 17:26:11',NULL),
	(355,'23',98,1,40,'71a871d8-0e70-11e9-b93e-7c57414285d6',0,'2019-01-02 17:26:11',NULL),
	(356,'3940',310,1,40,'71a871d8-0e70-11e9-b93e-7c57414285d6',0,'2019-01-02 17:26:11',NULL),
	(357,'1',311,1,40,'71a871d8-0e70-11e9-b93e-7c57414285d6',0,'2019-01-02 17:26:11','2019-01-02 17:39:15'),
	(358,'',323,1,40,'71a871d8-0e70-11e9-b93e-7c57414285d6',0,'2019-01-02 17:26:11',NULL),
	(359,'ffbb',100,1,42,'694bb708-0e74-11e9-b93e-7c57414285d6',0,'2019-01-02 17:54:35',NULL),
	(360,'1',101,1,42,'694bb708-0e74-11e9-b93e-7c57414285d6',0,'2019-01-02 17:54:35','2019-01-02 18:09:58'),
	(361,'122344',102,1,42,'694bb708-0e74-11e9-b93e-7c57414285d6',0,'2019-01-02 17:54:35',NULL),
	(362,'gggg',103,1,42,'694bb708-0e74-11e9-b93e-7c57414285d6',0,'2019-01-02 17:54:35',NULL),
	(363,'353',105,1,42,'694bb708-0e74-11e9-b93e-7c57414285d6',0,'2019-01-02 17:54:35',NULL),
	(364,'2019-01-02',106,1,42,'694bb708-0e74-11e9-b93e-7c57414285d6',0,'2019-01-02 17:54:35',NULL),
	(365,'2019-01-01',107,1,42,'694bb708-0e74-11e9-b93e-7c57414285d6',0,'2019-01-02 17:54:35',NULL),
	(366,'3932',149,1,53,'3b061dec-0e7a-11e9-b93e-7c57414285d6',0,'2019-01-02 18:36:15','2019-01-02 18:40:53'),
	(367,'999',150,1,53,'3b061dec-0e7a-11e9-b93e-7c57414285d6',0,'2019-01-02 18:36:15',NULL),
	(368,'2019-01-10',151,1,53,'3b061dec-0e7a-11e9-b93e-7c57414285d6',0,'2019-01-02 18:36:15','2019-01-02 18:40:53'),
	(369,'2018-12-31',152,1,53,'3b061dec-0e7a-11e9-b93e-7c57414285d6',0,'2019-01-02 18:36:15',NULL),
	(370,'3932',164,1,56,'6d3e3d02-0e7b-11e9-b93e-7c57414285d6',0,'2019-01-02 18:44:48','2019-01-02 18:48:41'),
	(371,'2019-01-03',165,1,56,'6d3e3d02-0e7b-11e9-b93e-7c57414285d6',0,'2019-01-02 18:44:48',NULL),
	(372,'23',166,1,56,'6d3e3d02-0e7b-11e9-b93e-7c57414285d6',0,'2019-01-02 18:44:48',NULL),
	(373,'460.00',167,1,56,'6d3e3d02-0e7b-11e9-b93e-7c57414285d6',0,'2019-01-02 18:44:48','2019-01-02 18:48:41'),
	(374,'20',325,1,56,'6d3e3d02-0e7b-11e9-b93e-7c57414285d6',0,'2019-01-02 18:44:48','2019-01-02 18:48:41'),
	(375,'3932',155,1,54,'630bb99e-0e7c-11e9-b93e-7c57414285d6',0,'2019-01-02 18:51:41','2019-01-02 18:55:27'),
	(376,'2019-01-03',156,1,54,'630bb99e-0e7c-11e9-b93e-7c57414285d6',0,'2019-01-02 18:51:41',NULL),
	(377,'12',157,1,54,'630bb99e-0e7c-11e9-b93e-7c57414285d6',0,'2019-01-02 18:51:41',NULL),
	(378,'48.00',158,1,54,'630bb99e-0e7c-11e9-b93e-7c57414285d6',0,'2019-01-02 18:51:41','2019-01-02 18:55:27'),
	(379,'4',326,1,54,'630bb99e-0e7c-11e9-b93e-7c57414285d6',0,'2019-01-02 18:51:41','2019-01-02 18:55:27'),
	(384,'qqww234',159,1,55,'0d6bfe7a-0e7e-11e9-b93e-7c57414285d6',0,'2019-01-02 19:03:36','2019-01-02 19:07:38'),
	(385,'2019-01-02',160,1,55,'0d6bfe7a-0e7e-11e9-b93e-7c57414285d6',0,'2019-01-02 19:03:36',NULL),
	(386,'123344',161,1,55,'0d6bfe7a-0e7e-11e9-b93e-7c57414285d6',0,'2019-01-02 19:03:36','2019-01-02 19:07:38'),
	(387,'ddff2343',162,1,55,'0d6bfe7a-0e7e-11e9-b93e-7c57414285d6',0,'2019-01-02 19:03:36','2019-01-02 19:07:38'),
	(388,'',327,1,55,'0d6bfe7a-0e7e-11e9-b93e-7c57414285d6',0,'2019-01-02 19:03:36',NULL),
	(389,'男',329,1,107,'ff58c5d4-0f31-11e9-b93e-7c57414285d6',0,'2019-01-03 16:31:42','2019-01-03 16:33:45'),
	(390,'女',329,1,107,'0329f8d6-0f32-11e9-b93e-7c57414285d6',0,'2019-01-03 16:31:48',NULL),
	(392,'党员',330,1,108,'0a6c6d08-0f3d-11e9-b93e-7c57414285d6',0,'2019-01-03 17:50:45',NULL),
	(393,'群众',330,1,108,'12003f04-0f3d-11e9-b93e-7c57414285d6',0,'2019-01-03 17:50:58',NULL);

/*!40000 ALTER TABLE `p_field_data` ENABLE KEYS */;
UNLOCK TABLES;


# Dump of table p_field_type
# ------------------------------------------------------------

DROP TABLE IF EXISTS `p_field_type`;

CREATE TABLE `p_field_type` (
  `id` int(10) unsigned NOT NULL AUTO_INCREMENT,
  `type_name` varchar(50) COLLATE utf8mb4_unicode_ci NOT NULL DEFAULT '' COMMENT '字段类型',
  `parent_id` int(10) unsigned NOT NULL DEFAULT '0' COMMENT '父字段id',
  `created_at` timestamp NULL DEFAULT CURRENT_TIMESTAMP,
  `updated_at` timestamp NULL DEFAULT NULL ON UPDATE CURRENT_TIMESTAMP,
  `url` varchar(255) COLLATE utf8mb4_unicode_ci NOT NULL DEFAULT '' COMMENT '自定义url',
  PRIMARY KEY (`id`),
  KEY `idx_parentid` (`parent_id`)
) ENGINE=InnoDB DEFAULT CHARSET=utf8mb4 COLLATE=utf8mb4_unicode_ci COMMENT='字段类型';

LOCK TABLES `p_field_type` WRITE;
/*!40000 ALTER TABLE `p_field_type` DISABLE KEYS */;

INSERT INTO `p_field_type` (`id`, `type_name`, `parent_id`, `created_at`, `updated_at`, `url`)
VALUES
	(1,'职位名称',9,'2018-12-20 15:22:30','2018-12-20 16:23:55',''),
	(2,'市场制度',9,'2018-12-20 15:23:46','2018-12-20 16:23:47',''),
	(3,'人事管理',9,'2018-12-20 15:24:02','2018-12-20 16:24:05',''),
	(4,'职位信息',9,'2018-12-20 15:24:12','2018-12-20 16:24:11',''),
	(5,'预警方案',9,'2018-12-20 15:24:20','2018-12-20 16:24:18',''),
	(6,'市场活动',9,'2018-12-20 15:24:29','2018-12-20 16:24:24',''),
	(7,'商品预警',9,'2018-12-20 15:24:39','2018-12-20 16:24:28',''),
	(8,'秤具状况',9,'2018-12-20 15:24:47','2019-01-02 14:11:38','/market/statusac'),
	(9,'市场管理',0,'2018-12-20 15:54:38','2018-12-27 17:39:53',''),
	(10,'摊位管理',0,'2018-12-20 15:54:47','2018-12-27 17:40:01',''),
	(11,'文章',0,'2018-12-20 16:19:17',NULL,''),
	(12,'商户',0,'2018-12-20 16:19:48',NULL,''),
	(13,'商品',0,'2018-12-20 17:11:52',NULL,''),
	(14,'绩效管理',0,'2018-12-27 17:40:18',NULL,''),
	(15,'安全追溯',0,'2018-12-27 17:40:35',NULL,''),
	(16,'信用管理',0,'2018-12-27 17:40:45',NULL,''),
	(17,'统计分析',0,'2018-12-27 17:40:56',NULL,''),
	(18,'物业管理',0,'2018-12-27 17:41:11',NULL,''),
	(19,'媒体管理',0,'2018-12-27 17:41:21',NULL,''),
	(20,'监控管理',0,'2018-12-27 17:41:34',NULL,''),
	(21,'消防管理',0,'2018-12-27 17:41:45',NULL,''),
	(22,'办公管理',0,'2018-12-27 17:41:57',NULL,''),
	(23,'广告机管理',0,'2018-12-27 17:42:11',NULL,''),
	(24,'小程序管理',0,'2018-12-27 17:42:22',NULL,''),
	(25,'快捷录入',0,'2018-12-27 17:42:47',NULL,''),
	(27,'位置管理',14,'2018-12-27 17:42:47',NULL,''),
	(28,'位置类别',14,'2018-12-27 17:42:47',NULL,''),
	(29,'任务管理',14,'2018-12-27 17:42:47',NULL,''),
	(30,'巡查人员',14,'2018-12-27 17:42:47',NULL,''),
	(31,'巡查项目',14,'2018-12-27 17:42:47',NULL,''),
	(32,'巡查管理',14,'2018-12-27 17:42:47',NULL,''),
	(33,'人员巡查统计',14,'2018-12-27 17:42:47',NULL,''),
	(34,'人员绩效统计',14,'2018-12-27 17:42:47',NULL,''),
	(35,'商户巡查统计',14,'2018-12-27 17:42:47',NULL,''),
	(36,'摊位管理',0,'2018-12-27 17:42:47',NULL,''),
	(37,'摊位类型',36,'2018-12-27 17:42:47',NULL,''),
	(38,'固定摊位',36,'2018-12-27 17:42:47','2018-12-29 13:43:41',''),
	(39,'商户管理',36,'2018-12-27 17:42:47',NULL,''),
	(40,'合同管理',36,'2018-12-27 17:42:47',NULL,''),
	(41,'历年档案',36,'2018-12-27 17:42:47',NULL,''),
	(42,'流动商户',36,'2018-12-27 17:42:47',NULL,''),
	(43,'供应商管理',15,'2018-12-27 17:42:47',NULL,''),
	(44,'供应商管理',15,'2018-12-27 17:42:47',NULL,''),
	(45,'投诉管理',16,'2018-12-27 17:42:47',NULL,''),
	(46,'点赞管理',16,'2018-12-27 17:42:47',NULL,''),
	(47,'点评管理',16,'2018-12-27 17:42:47',NULL,''),
	(48,'信用分析',16,'2018-12-27 17:42:47',NULL,''),
	(49,'商户点赞排行榜',16,'2018-12-27 17:42:47',NULL,''),
	(50,'商户点评排行榜',16,'2018-12-27 17:42:47',NULL,''),
	(51,'商户投诉统计',16,'2018-12-27 17:42:47',NULL,''),
	(52,'商户积分查询',16,'2018-12-27 17:42:47',NULL,''),
	(53,'租金管理',18,'2018-12-27 17:42:47',NULL,''),
	(54,'水费管理',18,'2018-12-27 17:42:47',NULL,''),
	(55,'维修管理',18,'2018-12-27 17:42:47',NULL,''),
	(56,'电费管理',18,'2018-12-27 17:42:47',NULL,''),
	(57,'触摸屏栏目管理',19,'2018-12-27 17:42:47',NULL,''),
	(58,'触摸屏信息管理',19,'2018-12-27 17:42:47',NULL,''),
	(59,'触摸屏广告设置',19,'2018-12-27 17:42:47',NULL,''),
	(60,'触摸屏图片广告',19,'2018-12-27 17:42:47',NULL,''),
	(61,'触摸屏视频广告',19,'2018-12-27 17:42:47',NULL,''),
	(62,'触摸屏单页广告',19,'2018-12-27 17:42:47',NULL,''),
	(63,'商户广告管理',19,'2018-12-27 17:42:47',NULL,''),
	(64,'触摸屏市场地图',19,'2018-12-27 17:42:47',NULL,''),
	(65,'商户价位指导',19,'2018-12-27 17:42:47',NULL,''),
	(66,'商户菜品管理',19,'2018-12-27 17:42:47',NULL,''),
	(67,'分屏支付显示设置',19,'2018-12-27 17:42:47',NULL,''),
	(68,'分屏广告图片',19,'2018-12-27 17:42:47',NULL,''),
	(69,'消防设施',21,'2018-12-27 17:42:47',NULL,''),
	(70,'逃生路线',21,'2018-12-27 17:42:47',NULL,''),
	(71,'消防培训',21,'2018-12-27 17:42:47',NULL,''),
	(72,'消防巡查',21,'2018-12-27 17:42:47',NULL,''),
	(73,'人力资源',22,'2018-12-27 17:42:47',NULL,''),
	(74,'出勤管理',22,'2018-12-27 17:42:47',NULL,''),
	(75,'教育管理',22,'2018-12-27 17:42:47','2018-12-29 16:35:35',''),
	(76,'公文档案',22,'2018-12-27 17:42:47','2018-12-29 16:35:46',''),
	(77,'信息发布',22,'2018-12-27 17:42:47','2018-12-29 16:35:46',''),
	(78,'信息交流',22,'2018-12-27 17:42:47','2018-12-29 16:35:46',''),
	(79,'待办事项',22,'2018-12-27 17:42:47','2018-12-29 16:35:46',''),
	(80,'广告机设置',23,'2018-12-27 17:42:47','2018-12-29 16:35:46',''),
	(81,'滚动图片',23,'2018-12-27 17:42:47','2018-12-29 16:35:46',''),
	(82,'滚动文字',23,'2018-12-27 17:42:47','2018-12-29 16:35:46',''),
	(83,'logo设置',23,'2018-12-27 17:42:47','2018-12-29 16:35:46',''),
	(84,'各类视频',23,'2018-12-27 17:42:47','2018-12-29 16:35:46',''),
	(85,'图文通告',23,'2018-12-27 17:42:47','2018-12-29 16:35:46',''),
	(86,'通报红黑榜',23,'2018-12-27 17:42:47','2018-12-29 16:35:46',''),
	(87,'管理制度',23,'2018-12-27 17:42:47','2018-12-29 16:35:46',''),
	(88,'栏目管理',24,'2018-12-27 17:42:47','2018-12-29 16:35:46',''),
	(89,'信息公告',24,'2018-12-27 17:42:47','2018-12-29 16:35:46',''),
	(90,'用户审核',24,'2018-12-27 17:42:47','2018-12-29 16:35:46',''),
	(91,'轮播图管理',24,'2018-12-27 17:42:47','2018-12-29 16:35:46',''),
	(92,'常用商品表',24,'2018-12-27 17:42:47','2018-12-29 16:35:46',''),
	(93,'商户-供应商',24,'2018-12-27 17:42:47','2018-12-29 16:35:46',''),
	(94,'交易明细',24,'2018-12-27 17:42:47','2018-12-29 16:35:46',''),
	(95,'商品管理',24,'2018-12-27 17:42:47','2018-12-29 16:35:46',''),
	(96,'消费者',24,'2018-12-27 17:42:47','2018-12-29 16:35:46',''),
	(97,'市场商户',24,'2018-12-27 17:42:47','2018-12-29 16:35:46',''),
	(98,'供应商',24,'2018-12-27 17:42:47','2018-12-29 16:35:46',''),
	(99,'商品分类',24,'2018-12-27 17:42:47','2018-12-29 16:35:46',''),
	(106,'系统数据',0,'2018-12-27 17:42:47','2019-01-03 16:16:29',''),
	(107,'性别',106,'2018-12-27 17:42:47','2019-01-03 16:16:29',''),
	(108,'党团关系',106,'2018-12-27 17:42:47','2019-01-03 16:16:29','');

/*!40000 ALTER TABLE `p_field_type` ENABLE KEYS */;
UNLOCK TABLES;


# Dump of table p_goods
# ------------------------------------------------------------

DROP TABLE IF EXISTS `p_goods`;

CREATE TABLE `p_goods` (
  `id` int(10) NOT NULL AUTO_INCREMENT,
  `goods_name` varchar(100) COLLATE utf8mb4_unicode_ci DEFAULT '' COMMENT '商品名称',
  `goods_no` varchar(100) COLLATE utf8mb4_unicode_ci DEFAULT NULL COMMENT '商品编号',
  `created_at` timestamp NULL DEFAULT CURRENT_TIMESTAMP,
  `updated_at` timestamp NULL DEFAULT NULL ON UPDATE CURRENT_TIMESTAMP,
  PRIMARY KEY (`id`)
) ENGINE=InnoDB DEFAULT CHARSET=utf8mb4 COLLATE=utf8mb4_unicode_ci COMMENT='商品表';



# Dump of table p_goods_merchant
# ------------------------------------------------------------

DROP TABLE IF EXISTS `p_goods_merchant`;

CREATE TABLE `p_goods_merchant` (
  `id` int(10) unsigned NOT NULL AUTO_INCREMENT,
  `goods_id` int(10) unsigned NOT NULL COMMENT '商品id',
  `merchant_id` int(10) unsigned NOT NULL COMMENT '商户id',
  `created_at` timestamp NULL DEFAULT CURRENT_TIMESTAMP,
  `updated_at` timestamp NULL DEFAULT NULL ON UPDATE CURRENT_TIMESTAMP,
  PRIMARY KEY (`id`),
  KEY `idx_goods_merchant` (`goods_id`,`merchant_id`)
) ENGINE=InnoDB DEFAULT CHARSET=utf8mb4 COLLATE=utf8mb4_unicode_ci COMMENT='商户-商品关系';



# Dump of table p_goods_stall
# ------------------------------------------------------------

DROP TABLE IF EXISTS `p_goods_stall`;

CREATE TABLE `p_goods_stall` (
  `id` int(10) unsigned NOT NULL AUTO_INCREMENT,
  `goods_id` int(10) unsigned NOT NULL COMMENT '商品id',
  `stall_id` int(10) unsigned NOT NULL COMMENT '摊位id',
  `created_at` timestamp NULL DEFAULT CURRENT_TIMESTAMP,
  `updated_at` timestamp NULL DEFAULT NULL ON UPDATE CURRENT_TIMESTAMP,
  PRIMARY KEY (`id`),
  KEY `idx_goods_stall` (`goods_id`,`stall_id`)
) ENGINE=InnoDB DEFAULT CHARSET=utf8mb4 COLLATE=utf8mb4_unicode_ci COMMENT='摊位-商品关系';



# Dump of table p_market
# ------------------------------------------------------------

DROP TABLE IF EXISTS `p_market`;

CREATE TABLE `p_market` (
  `id` int(11) NOT NULL AUTO_INCREMENT,
  `market_name` varchar(100) COLLATE utf8mb4_unicode_ci NOT NULL COMMENT '农贸市场名称',
  `market_code` varchar(25) COLLATE utf8mb4_unicode_ci NOT NULL DEFAULT '' COMMENT '农贸市场编码',
  `created_at` timestamp NULL DEFAULT CURRENT_TIMESTAMP,
  `updated_at` timestamp NULL DEFAULT NULL ON UPDATE CURRENT_TIMESTAMP,
  PRIMARY KEY (`id`)
) ENGINE=InnoDB DEFAULT CHARSET=utf8mb4 COLLATE=utf8mb4_unicode_ci COMMENT='市场';



# Dump of table p_market_stall
# ------------------------------------------------------------

DROP TABLE IF EXISTS `p_market_stall`;

CREATE TABLE `p_market_stall` (
  `id` int(10) unsigned NOT NULL AUTO_INCREMENT,
  `market_id` int(10) unsigned NOT NULL COMMENT '市场id',
  `stall_id` int(10) unsigned NOT NULL COMMENT '摊位id',
  `created_at` timestamp NULL DEFAULT CURRENT_TIMESTAMP,
  `updated_at` timestamp NULL DEFAULT NULL ON UPDATE CURRENT_TIMESTAMP,
  PRIMARY KEY (`id`),
  KEY `idx_market_stall` (`market_id`,`stall_id`)
) ENGINE=InnoDB DEFAULT CHARSET=utf8mb4 COLLATE=utf8mb4_unicode_ci COMMENT='市场-摊位关系';



# Dump of table p_merchant
# ------------------------------------------------------------

DROP TABLE IF EXISTS `p_merchant`;

CREATE TABLE `p_merchant` (
  `id` int(11) unsigned NOT NULL AUTO_INCREMENT,
  `merchant_name` varchar(20) COLLATE utf8mb4_unicode_ci NOT NULL DEFAULT '' COMMENT '商户姓名',
  `created_at` timestamp NULL DEFAULT CURRENT_TIMESTAMP,
  `updated_at` timestamp NULL DEFAULT NULL ON UPDATE CURRENT_TIMESTAMP,
  PRIMARY KEY (`id`)
) ENGINE=InnoDB DEFAULT CHARSET=utf8mb4 COLLATE=utf8mb4_unicode_ci COMMENT='商户表';



# Dump of table p_merchant_stall
# ------------------------------------------------------------

DROP TABLE IF EXISTS `p_merchant_stall`;

CREATE TABLE `p_merchant_stall` (
  `id` int(10) unsigned NOT NULL AUTO_INCREMENT,
  `merchant_id` int(10) unsigned NOT NULL COMMENT '商户id',
  `stall_id` int(10) unsigned NOT NULL COMMENT '摊位id',
  `created_at` timestamp NULL DEFAULT CURRENT_TIMESTAMP,
  `updated_at` timestamp NULL DEFAULT NULL ON UPDATE CURRENT_TIMESTAMP,
  PRIMARY KEY (`id`),
  KEY `idx_merchant_stall` (`merchant_id`,`stall_id`)
) ENGINE=InnoDB DEFAULT CHARSET=utf8mb4 COLLATE=utf8mb4_unicode_ci COMMENT='商户-摊位关系';



# Dump of table p_session
# ------------------------------------------------------------

DROP TABLE IF EXISTS `p_session`;

CREATE TABLE `p_session` (
  `id` int(10) unsigned NOT NULL AUTO_INCREMENT,
  `session_key` char(32) COLLATE utf8mb4_unicode_ci NOT NULL,
  `lifetime` int(10) unsigned DEFAULT '0',
  `data` text COLLATE utf8mb4_unicode_ci,
  `created_at` timestamp NULL DEFAULT CURRENT_TIMESTAMP,
  `updated_at` int(10) unsigned NOT NULL,
  PRIMARY KEY (`id`),
  UNIQUE KEY `unq_session_key` (`session_key`)
) ENGINE=InnoDB DEFAULT CHARSET=utf8mb4 COLLATE=utf8mb4_unicode_ci COMMENT='session';

LOCK TABLES `p_session` WRITE;
/*!40000 ALTER TABLE `p_session` DISABLE KEYS */;

INSERT INTO `p_session` (`id`, `session_key`, `lifetime`, `data`, `created_at`, `updated_at`)
VALUES
	(6,'2igsdscq1bha1hhbl20ad5vtnk',10800,'admin|a:1:{s:7:\"storage\";i:123;}','2018-12-28 09:49:59',1545968243);

/*!40000 ALTER TABLE `p_session` ENABLE KEYS */;
UNLOCK TABLES;


# Dump of table p_stall
# ------------------------------------------------------------

DROP TABLE IF EXISTS `p_stall`;

CREATE TABLE `p_stall` (
  `id` int(10) unsigned NOT NULL AUTO_INCREMENT,
  `stall_code` varchar(25) COLLATE utf8mb4_unicode_ci NOT NULL DEFAULT '' COMMENT '摊位号',
  `market_id` int(10) unsigned NOT NULL DEFAULT '0' COMMENT '市场id',
  `type_id` int(10) unsigned NOT NULL DEFAULT '0' COMMENT '分类id',
  PRIMARY KEY (`id`)
) ENGINE=InnoDB DEFAULT CHARSET=utf8mb4 COLLATE=utf8mb4_unicode_ci COMMENT='摊位';



# Dump of table p_supplier
# ------------------------------------------------------------

DROP TABLE IF EXISTS `p_supplier`;

CREATE TABLE `p_supplier` (
  `id` int(10) NOT NULL AUTO_INCREMENT,
  `name` varchar(50) CHARACTER SET utf8 NOT NULL DEFAULT '' COMMENT '供应商名称',
  `created_at` timestamp NULL DEFAULT CURRENT_TIMESTAMP,
  `updated_at` timestamp NULL DEFAULT NULL ON UPDATE CURRENT_TIMESTAMP,
  PRIMARY KEY (`id`)
) ENGINE=InnoDB DEFAULT CHARSET=utf8mb4 COLLATE=utf8mb4_unicode_ci COMMENT='供应商表';



# Dump of table p_supplier_merchant
# ------------------------------------------------------------

DROP TABLE IF EXISTS `p_supplier_merchant`;

CREATE TABLE `p_supplier_merchant` (
  `id` int(10) unsigned NOT NULL AUTO_INCREMENT,
  `merchant_id` int(10) unsigned NOT NULL COMMENT '商户id',
  `supplier_id` int(10) unsigned NOT NULL COMMENT '供应商id',
  `created_at` timestamp NULL DEFAULT CURRENT_TIMESTAMP,
  `updated_at` timestamp NULL DEFAULT NULL ON UPDATE CURRENT_TIMESTAMP,
  PRIMARY KEY (`id`),
  KEY `idx_merchant_stall` (`merchant_id`,`supplier_id`)
) ENGINE=InnoDB DEFAULT CHARSET=utf8mb4 COLLATE=utf8mb4_unicode_ci COMMENT='商户-供应商关系';



# Dump of table pu_permission
# ------------------------------------------------------------

DROP TABLE IF EXISTS `pu_permission`;

CREATE TABLE `pu_permission` (
  `id` int(10) unsigned NOT NULL AUTO_INCREMENT,
  `description` varchar(255) COLLATE utf8mb4_unicode_ci NOT NULL DEFAULT '' COMMENT '权限描述',
  `permission` varchar(255) COLLATE utf8mb4_unicode_ci NOT NULL DEFAULT '' COMMENT '权限名字',
  `created_at` timestamp NULL DEFAULT CURRENT_TIMESTAMP,
  `updated_at` timestamp NULL DEFAULT NULL ON UPDATE CURRENT_TIMESTAMP,
  PRIMARY KEY (`id`)
) ENGINE=InnoDB DEFAULT CHARSET=utf8mb4 COLLATE=utf8mb4_unicode_ci COMMENT='权限';



# Dump of table pu_permission_role
# ------------------------------------------------------------

DROP TABLE IF EXISTS `pu_permission_role`;

CREATE TABLE `pu_permission_role` (
  `id` int(10) unsigned NOT NULL AUTO_INCREMENT,
  `permission_id` int(10) unsigned NOT NULL COMMENT '权限id',
  `role_id` int(10) unsigned NOT NULL COMMENT '角色id',
  `created_at` timestamp NULL DEFAULT CURRENT_TIMESTAMP,
  `updated_at` timestamp NULL DEFAULT NULL ON UPDATE CURRENT_TIMESTAMP,
  PRIMARY KEY (`id`),
  UNIQUE KEY `unique_permission_role` (`permission_id`,`role_id`),
  KEY `idx_permission_id` (`permission_id`),
  KEY `idx_role_id` (`role_id`)
) ENGINE=InnoDB DEFAULT CHARSET=utf8mb4 COLLATE=utf8mb4_unicode_ci COMMENT='权限-角色关系';



# Dump of table pu_roles
# ------------------------------------------------------------

DROP TABLE IF EXISTS `pu_roles`;

CREATE TABLE `pu_roles` (
  `id` int(10) unsigned NOT NULL AUTO_INCREMENT,
  `name` varchar(100) COLLATE utf8mb4_unicode_ci NOT NULL DEFAULT '' COMMENT '角色名字',
  `description` varchar(255) COLLATE utf8mb4_unicode_ci NOT NULL DEFAULT '' COMMENT '角色描述',
  `created_at` timestamp NULL DEFAULT CURRENT_TIMESTAMP,
  `updated_at` timestamp NULL DEFAULT NULL ON UPDATE CURRENT_TIMESTAMP,
  PRIMARY KEY (`id`),
  UNIQUE KEY `unique_name` (`name`)
) ENGINE=InnoDB DEFAULT CHARSET=utf8mb4 COLLATE=utf8mb4_unicode_ci COMMENT='角色';



# Dump of table pu_user_market
# ------------------------------------------------------------

DROP TABLE IF EXISTS `pu_user_market`;

CREATE TABLE `pu_user_market` (
  `id` int(10) unsigned NOT NULL AUTO_INCREMENT,
  `user_id` int(10) unsigned NOT NULL COMMENT '用户id',
  `market_id` int(10) unsigned NOT NULL COMMENT '市场id',
  `created_at` timestamp NULL DEFAULT CURRENT_TIMESTAMP,
  `updated_at` timestamp NULL DEFAULT NULL ON UPDATE CURRENT_TIMESTAMP,
  PRIMARY KEY (`id`),
  KEY `idx_user_market` (`user_id`,`market_id`)
) ENGINE=InnoDB DEFAULT CHARSET=utf8mb4 COLLATE=utf8mb4_unicode_ci COMMENT='用户-市场关系';



# Dump of table pu_user_roles
# ------------------------------------------------------------

DROP TABLE IF EXISTS `pu_user_roles`;

CREATE TABLE `pu_user_roles` (
  `id` int(10) unsigned NOT NULL AUTO_INCREMENT,
  `user_id` int(10) unsigned NOT NULL COMMENT '用户id',
  `role_id` int(10) unsigned NOT NULL COMMENT '角色id',
  `created_at` timestamp NULL DEFAULT CURRENT_TIMESTAMP,
  `updated_at` timestamp NULL DEFAULT NULL ON UPDATE CURRENT_TIMESTAMP,
  PRIMARY KEY (`id`),
  UNIQUE KEY `uniq_roles_user` (`user_id`,`role_id`)
) ENGINE=InnoDB DEFAULT CHARSET=utf8mb4 COLLATE=utf8mb4_unicode_ci COMMENT='用户-角色关系';



# Dump of table pu_users
# ------------------------------------------------------------

DROP TABLE IF EXISTS `pu_users`;

CREATE TABLE `pu_users` (
  `id` int(10) unsigned NOT NULL AUTO_INCREMENT,
  `name` varchar(25) COLLATE utf8mb4_unicode_ci NOT NULL DEFAULT '' COMMENT '用户名',
  `password` varchar(255) COLLATE utf8mb4_unicode_ci NOT NULL DEFAULT '' COMMENT 'hash密码',
  `remember_token` varchar(100) COLLATE utf8mb4_unicode_ci NOT NULL DEFAULT '' COMMENT '长时间登录token',
  `last_login_ip` char(16) COLLATE utf8mb4_unicode_ci NOT NULL DEFAULT '' COMMENT '最后登录ip',
  `last_login_time` timestamp NULL DEFAULT NULL COMMENT '最后登录时间',
  `banned` tinyint(4) NOT NULL DEFAULT '0' COMMENT '禁用：0否，1是',
  `created_at` timestamp NULL DEFAULT CURRENT_TIMESTAMP,
  `updated_at` timestamp NULL DEFAULT NULL ON UPDATE CURRENT_TIMESTAMP,
  PRIMARY KEY (`id`),
  UNIQUE KEY `uniq_name` (`name`)
) ENGINE=InnoDB DEFAULT CHARSET=utf8mb4 COLLATE=utf8mb4_unicode_ci COMMENT='用户';



# Dump of table stat_home
# ------------------------------------------------------------

DROP TABLE IF EXISTS `stat_home`;

CREATE TABLE `stat_home` (
  `id` int(10) unsigned NOT NULL AUTO_INCREMENT,
  `created_at` timestamp NULL DEFAULT CURRENT_TIMESTAMP,
  `updated_at` timestamp NULL DEFAULT NULL ON UPDATE CURRENT_TIMESTAMP,
  `trade_num` int(10) NOT NULL DEFAULT '0' COMMENT '日交易笔数',
  `trade_money` varchar(10) COLLATE utf8mb4_unicode_ci NOT NULL DEFAULT '0' COMMENT '日交易金额',
  `visitors` int(10) NOT NULL DEFAULT '0' COMMENT '日客流量',
  `protest_num` int(10) NOT NULL DEFAULT '0' COMMENT '检测量',
  `goods_in_num` int(10) NOT NULL DEFAULT '0' COMMENT '准入台账',
  `waring_num` int(10) NOT NULL DEFAULT '0' COMMENT '预警数',
  `issues_num` int(10) NOT NULL DEFAULT '0' COMMENT '待处理事项',
  `complaint_num` int(10) NOT NULL DEFAULT '0' COMMENT '待处理投诉建议',
  `contract_expire_num` int(10) NOT NULL DEFAULT '0' COMMENT '合同到期数',
  `vcard_expire_num` int(10) NOT NULL DEFAULT '0' COMMENT '证照到期数',
  `message_num` int(10) NOT NULL DEFAULT '0' COMMENT '消息',
  `notice_num` int(10) NOT NULL DEFAULT '0' COMMENT '通知',
  `market_id` int(11) NOT NULL DEFAULT '0' COMMENT '市场id',
  PRIMARY KEY (`id`),
  KEY `idx_market_id` (`market_id`)
) ENGINE=InnoDB DEFAULT CHARSET=utf8mb4 COLLATE=utf8mb4_unicode_ci COMMENT='首页统计数据';

LOCK TABLES `stat_home` WRITE;
/*!40000 ALTER TABLE `stat_home` DISABLE KEYS */;

INSERT INTO `stat_home` (`id`, `created_at`, `updated_at`, `trade_num`, `trade_money`, `visitors`, `protest_num`, `goods_in_num`, `waring_num`, `issues_num`, `complaint_num`, `contract_expire_num`, `vcard_expire_num`, `message_num`, `notice_num`, `market_id`)
VALUES
	(1,'2019-01-02 10:14:23',NULL,335566,'234534.5',2343,22331,234,34,12,66,76,55,12,5,1);

/*!40000 ALTER TABLE `stat_home` ENABLE KEYS */;
UNLOCK TABLES;



/*!40111 SET SQL_NOTES=@OLD_SQL_NOTES */;
/*!40101 SET SQL_MODE=@OLD_SQL_MODE */;
/*!40014 SET FOREIGN_KEY_CHECKS=@OLD_FOREIGN_KEY_CHECKS */;
/*!40101 SET CHARACTER_SET_CLIENT=@OLD_CHARACTER_SET_CLIENT */;
/*!40101 SET CHARACTER_SET_RESULTS=@OLD_CHARACTER_SET_RESULTS */;
/*!40101 SET COLLATION_CONNECTION=@OLD_COLLATION_CONNECTION */;
